cop_name,block,box,exposed,cop_fam,tank,parasite_fam,infected,trt,cerc_d9,cerc_multinom,failed_devo,dead,days_surv,cop_length,proc_size1,proc_size2,remarks
01_1A,1,1,1,I,1,Q,0,uninfected,,,,1,16,,,,
01_1B,1,1,1,I,1,Q,0,uninfected,,,,1,20,,,,
01_1C,1,1,1,I,1,Q,0,uninfected,,,,1,16,,,,
01_1D,1,1,0,I,1,Q,0,unexposed,,,,0,21,,,,
01_2A,1,1,1,I,1,Q,0,uninfected,,,,0,21,,,,
01_2B,1,1,1,I,1,Q,1,infected,0,0,0,1,14,,,,
01_2C,1,1,1,I,1,Q,0,uninfected,,,,0,21,,,,
01_2D,1,1,1,I,1,Q,0,uninfected,,,,1,21,,,,
01_3A,1,1,1,I,2,Q,0,uninfected,,,,0,21,,,,
01_3B,1,1,1,I,2,Q,,,,,,1,6,,,,
01_3C,1,1,1,I,2,Q,0,uninfected,,,,0,21,,,,
01_3D,1,1,1,I,2,Q,0,uninfected,,,,0,21,,,,
01_4A,1,1,1,I,2,Q,1,infected,0,0,0,0,21,359.436,26806,26526,
01_4B,1,1,1,I,2,Q,0,uninfected,,,,0,21,,,,
01_4C,1,1,1,I,2,Q,0,uninfected,,,,0,21,,,,
01_4D,1,1,1,I,2,Q,1,infected,0,0,0,0,21,404.239,25081,28347,
01_5A,1,1,1,I,2,Q,0,uninfected,,,,0,21,,,,
01_5B,1,1,1,I,2,Q,0,uninfected,,,,1,10,,,,
01_5C,1,1,1,I,2,Q,0,uninfected,,,,0,21,,,,
01_5D,1,1,1,I,2,Q,0,uninfected,,,,1,8,,,,
01_6A,1,1,1,I,2,Q,0,uninfected,,,,1,21,,,,
01_6B,1,1,1,I,2,Q,0,uninfected,,,,0,21,,,,
01_6C,1,1,0,I,2,Q,0,unexposed,,,,0,21,,,,
01_6D,1,1,1,I,2,Q,1,infected,0,0,0,0,21,357.33,24326,24386,
02_1A,1,1,1,I,2,U,0,uninfected,,,,0,21,,,,
02_1B,1,1,1,I,2,U,0,uninfected,,,,0,21,,,,
02_1C,1,1,0,I,2,U,0,unexposed,,,,0,21,,,,
02_1D,1,1,1,I,2,U,0,uninfected,,,,0,21,,,,
02_2A,1,1,1,I,2,U,0,uninfected,,,,0,21,,,,
02_2B,1,1,1,I,2,U,0,uninfected,,,,1,10,,,,
02_2C,1,1,1,I,2,U,0,uninfected,,,,0,21,,,,
02_2D,1,1,1,I,2,U,0,uninfected,,,,1,10,,,,
02_3A,1,1,1,I,2,U,0,uninfected,,,,0,21,,,,
02_3B,1,1,1,I,2,U,0,uninfected,,,,0,21,,,,
02_3C,1,1,1,I,2,U,0,uninfected,,,,0,21,,,,
02_3D,1,1,1,I,2,U,,,,,,1,4,,,,
02_4A,1,1,1,I,2,U,0,uninfected,,,,0,21,,,,
02_4B,1,1,1,I,2,U,0,uninfected,,,,0,21,,,,
02_4C,1,1,1,I,2,U,0,uninfected,,,,0,21,,,,
02_4D,1,1,1,I,2,U,,,,,,1,4,,,,
02_5A,1,1,1,I,2,U,1,infected,0,0,0,0,21,350.464,24884,27289,
02_5B,1,1,1,I,1,U,0,uninfected,,,,1,20,,,,
02_5C,1,1,1,I,1,U,1,infected,0,0,0,1,16,,,,
02_5D,1,1,0,I,1,U,0,unexposed,,,,1,21,,,,
02_6A,1,1,1,I,1,U,0,uninfected,,,,0,21,,,,
02_6B,1,1,1,I,1,U,0,uninfected,,,,0,21,,,,
02_6C,1,1,1,I,1,U,0,uninfected,,,,1,18,,,,
02_6D,1,1,1,I,1,U,0,uninfected,,,,1,20,,,,
03_1A,1,1,1,I,1,V,0,uninfected,,,,0,21,,,,
03_1B,1,1,1,I,1,V,,,,,,1,6,,,,
03_1C,1,1,0,I,1,V,0,unexposed,,,,0,21,,,,
03_1D,1,1,1,I,1,V,1,infected,0,0,0,0,21,374.626,27163,29039,
03_2A,1,1,1,I,1,V,0,uninfected,,,,0,21,,,,
03_2B,1,1,1,I,1,V,0,uninfected,,,,1,14,,,,
03_2C,1,1,1,I,1,V,1,infected,0,0,0,0,21,364.742,20486,19030,
03_2D,1,1,1,I,2,V,1,infected,0,0,0,0,21,361.134,32039,31761,
03_3A,1,1,1,I,2,V,0,uninfected,,,,0,21,,,,
03_3B,1,1,1,I,2,V,0,uninfected,,,,0,21,,,,
03_3C,1,1,1,I,2,V,0,uninfected,,,,0,21,,,,
03_3D,1,1,1,I,2,V,0,uninfected,,,,0,21,,,,
03_4A,1,1,1,I,2,V,1,infected,0,0,0,0,21,418.524,24632,25133,
03_4B,1,1,1,I,2,V,0,uninfected,,,,1,12,,,,
03_4C,1,1,1,I,2,V,0,uninfected,,,,0,21,,,,
03_4D,1,1,0,I,2,V,0,unexposed,,,,0,21,,,,
03_5A,1,1,1,I,2,V,0,uninfected,,,,0,21,,,,
03_5B,1,1,1,I,2,V,0,uninfected,,,,0,21,,,,
03_5C,1,1,1,I,2,V,,,,,,1,4,,,,
03_5D,1,1,1,I,2,V,0,uninfected,,,,0,21,,,,
03_6A,1,1,1,I,2,V,0,uninfected,,,,0,21,,,,
03_6B,1,1,1,I,2,V,1,infected,0,0,0,1,18,,,,
03_6C,1,1,1,I,2,V,1,infected,0,1,0,0,21,356.427,26534,28434,
03_6D,1,1,1,I,2,V,0,uninfected,,,,0,21,,,,
04_1A,1,1,1,I,2,W,0,uninfected,,,,0,21,,,,
04_1B,1,1,1,I,2,W,0,uninfected,,,,1,10,,,,
04_1C,1,1,1,I,2,W,1,infected,0,0,0,0,21,429.969,28672,31829,
04_1D,1,1,1,I,2,W,1,infected,0,0,0,0,21,366.467,27894,28574,
04_2A,1,1,0,I,2,W,0,unexposed,,,,0,21,,,,
04_2B,1,1,1,I,2,W,0,uninfected,,,,1,16,,,,
04_2C,1,1,1,I,2,W,0,uninfected,,,,0,21,,,,
04_2D,1,1,1,I,2,W,0,uninfected,,,,0,21,,,,
04_3A,1,1,1,I,2,W,0,uninfected,,,,1,18,,,,
04_3B,1,1,1,I,2,W,,,,,,1,4,,,,
04_3C,1,1,1,I,2,W,0,uninfected,,,,0,21,,,,
04_3D,1,1,1,I,2,W,0,uninfected,,,,1,16,,,,
04_4A,1,1,1,I,2,W,0,uninfected,,,,1,16,,,,
04_4B,1,1,1,I,2,W,0,uninfected,,,,0,21,,,,
04_4C,1,1,1,I,2,W,0,uninfected,,,,1,18,,,,
04_4D,1,1,1,I,2,W,0,uninfected,,,,0,21,,,,
04_5A,1,1,1,I,2,W,0,uninfected,,,,0,21,,,,
04_5B,1,1,1,I,1,W,1,infected,0,0,0,1,18,,,,
04_5C,1,1,1,I,1,W,1,infected,0,0,0,1,20,,,,
04_5D,1,1,0,I,1,W,0,unexposed,,,,0,21,,,,
04_6A,1,1,1,I,1,W,1,infected,0,0,0,0,21,369.965,26157,26641,
04_6B,1,1,1,I,1,W,1,infected,0,0,0,0,21,373.909,27618,31453,
04_6C,1,1,1,I,1,W,0,uninfected,,,,0,21,,,,
04_6D,1,1,1,I,1,W,0,uninfected,,,,0,21,,,,
05_1A,1,1,1,I,1,Z,0,uninfected,,,,1,21,,,,
05_1B,1,1,1,I,1,Z,0,uninfected,,,,1,16,,,,
05_1C,1,1,1,I,1,Z,0,uninfected,,,,1,10,,,,
05_1D,1,1,0,I,1,Z,0,unexposed,,,,0,21,,,,
05_2A,1,1,1,I,1,Z,0,uninfected,,,,0,21,,,,
05_2B,1,1,1,I,1,Z,,,,,,1,6,,,,
05_2C,1,1,1,I,1,Z,1,infected,0,0,0,1,20,,,,
05_2D,1,1,1,I,2,Z,1,infected,0,0,0,0,21,374.162,27647,27423,
05_3A,1,1,1,I,2,Z,0,uninfected,,,,1,20,,,,
05_3B,1,1,1,I,2,Z,1,infected,0,0,0,0,21,382.824,29249,32432,
05_3C,1,1,1,I,2,Z,0,uninfected,,,,0,21,,,,
05_3D,1,1,1,I,2,Z,0,uninfected,,,,1,14,,,,
05_4A,1,1,1,I,2,Z,0,uninfected,,,,1,10,,,,
05_4B,1,1,1,I,2,Z,1,infected,1,2,0,0,21,368.875,30099,28655,
05_4C,1,1,1,I,2,Z,0,uninfected,,,,0,21,,,,
05_4D,1,1,0,I,2,Z,0,unexposed,,,,0,21,,,,
05_5A,1,1,1,I,2,Z,,,,,,1,6,,,,
05_5B,1,1,1,I,2,Z,0,uninfected,,,,0,21,,,,
05_5C,1,1,1,I,2,Z,1,infected,0,0,0,0,21,411.491,23928,24747,
05_5D,1,1,1,I,2,Z,0,uninfected,,,,0,21,,,,
05_6A,1,1,1,I,2,Z,0,uninfected,,,,1,18,,,,
05_6B,1,1,1,I,2,Z,1,infected,1,2,0,0,21,408.016,28780,29480,
05_6C,1,1,1,I,2,Z,1,infected,0,0,0,0,21,361.068,23972,27023,
05_6D,1,1,1,I,2,Z,0,uninfected,,,,0,21,,,,
06_1A,1,1,0,II,2,Q,0,unexposed,,,,0,21,,,,
06_1B,1,1,1,II,2,Q,0,uninfected,,,,1,20,,,,
06_1C,1,1,1,II,2,Q,1,infected,0,0,0,0,21,360.846,25849,26323,
06_1D,1,1,1,II,2,Q,0,uninfected,,,,1,12,,,,
06_2A,1,1,1,II,2,Q,0,uninfected,,,,0,21,,,,
06_2B,1,1,1,II,2,Q,0,uninfected,,,,0,21,,,,
06_2C,1,1,1,II,2,Q,0,uninfected,,,,0,21,,,,
06_2D,1,1,1,II,2,Q,1,infected,0,0,0,0,21,362.891,23462,23974,
06_3A,1,1,1,II,2,Q,1,infected,0,0,0,0,21,349.298,28061,22686,
06_3B,1,1,1,II,2,Q,0,uninfected,,,,1,21,,,,
06_3C,1,1,1,II,2,Q,1,infected,0,0,0,0,21,358.232,23134,23371,
06_3D,1,1,1,II,2,Q,0,uninfected,,,,1,20,,,,
06_4A,1,1,1,II,1,Q,1,infected,0,0,0,0,21,353.476,21712,24253,
06_4B,1,1,1,II,1,Q,0,uninfected,,,,0,21,,,,
06_4C,1,1,1,II,1,Q,0,uninfected,,,,1,18,,,,
06_4D,1,1,1,II,1,Q,0,uninfected,,,,0,21,,,,
06_5A,1,1,1,II,1,Q,1,infected,0,0,0,0,21,369.012,25270,26434,
06_5B,1,1,1,II,1,Q,0,uninfected,,,,0,21,,,,
06_5C,1,1,1,II,1,Q,1,infected,0,0,0,0,21,373.149,26955,27271,
06_5D,1,1,1,II,1,Q,0,uninfected,,,,0,21,,,,
06_6A,1,1,0,II,1,Q,0,unexposed,,,,0,21,,,,
06_6B,1,1,1,II,1,Q,0,uninfected,,,,0,21,,,,
06_6C,1,1,1,II,1,Q,0,uninfected,,,,0,21,,,,
06_6D,1,1,1,II,1,Q,1,infected,0,0,0,0,21,367.696,25934,26596,
07_1A,1,1,1,II,1,U,1,infected,0,0,0,0,21,352.369,25031,22072,
07_1B,1,1,1,II,1,U,0,uninfected,,,,0,21,,,,
07_1C,1,1,1,II,1,U,,,,,,1,4,,,,
07_1D,1,1,1,II,1,U,1,infected,0,0,0,0,21,373.134,21713,22329,
07_2A,1,1,1,II,1,U,0,uninfected,,,,0,21,,,,
07_2B,1,1,1,II,1,U,1,infected,0,0,0,0,21,369.878,22856,24935,
07_2C,1,1,1,II,1,U,0,uninfected,,,,0,21,,,,
07_2D,1,1,1,II,1,U,1,infected,0,0,0,0,21,369.103,25794,22293,
07_3A,1,1,1,II,1,U,0,uninfected,,,,0,21,,,,
07_3B,1,1,0,II,1,U,0,unexposed,,,,0,21,,,,
07_3C,1,1,1,II,1,U,1,infected,0,0,0,0,21,360.322,27466,25110,
07_3D,1,1,1,II,1,U,0,uninfected,,,,0,21,,,,
07_4A,1,1,1,II,2,U,0,uninfected,,,,0,21,,,,
07_4B,1,1,1,II,2,U,0,uninfected,,,,0,21,,,,
07_4C,1,1,1,II,2,U,0,uninfected,,,,1,14,,,,
07_4D,1,1,1,II,2,U,0,uninfected,,,,0,21,,,,
07_5A,1,1,1,II,2,U,,,,,,1,4,,,,
07_5B,1,1,1,II,2,U,1,infected,0,0,0,0,21,356.261,23852,23469,
07_5C,1,1,1,II,2,U,0,uninfected,,,,0,21,,,,
07_5D,1,1,0,II,2,U,0,unexposed,,,,1,10,,,,
07_6A,1,1,1,II,2,U,1,infected,0,0,0,0,21,363.633,21603,20505,
07_6B,1,1,1,II,2,U,1,infected,0,0,0,0,21,388.126,34134,30884,
07_6C,1,1,1,II,2,U,0,uninfected,,,,0,21,,,,
07_6D,1,1,1,II,2,U,1,infected,0,0,0,0,21,355.376,26560,23234,
08_1A,1,1,1,II,2,V,0,uninfected,,,,0,21,,,,
08_1B,1,1,1,II,2,V,0,uninfected,,,,1,10,,,,
08_1C,1,1,1,II,2,V,0,uninfected,,,,0,21,,,,
08_1D,1,1,0,II,2,V,0,unexposed,,,,1,14,,,,
08_2A,1,1,1,II,2,V,1,infected,0,0,0,0,21,361.515,33485,32869,
08_2B,1,1,1,II,2,V,0,uninfected,,,,1,20,,,,
08_2C,1,1,1,II,2,V,0,uninfected,,,,0,21,,,,
08_2D,1,1,1,II,2,V,0,uninfected,,,,0,21,,,,
08_3A,1,1,1,II,2,V,0,uninfected,,,,0,21,,,,
08_3B,1,1,1,II,2,V,1,infected,1,2,0,1,16,,,,
08_3C,1,1,1,II,2,V,0,uninfected,,,,0,21,,,,
08_3D,1,1,1,II,2,V,1,infected,0,0,0,0,21,360.569,30415,29122,
08_4A,1,1,1,II,1,V,0,uninfected,,,,0,21,,,,
08_4B,1,1,1,II,1,V,0,uninfected,,,,0,21,,,,
08_4C,1,1,1,II,1,V,0,uninfected,,,,0,21,,,,
08_4D,1,1,1,II,1,V,0,uninfected,,,,0,21,,,,
08_5A,1,1,1,II,1,V,0,uninfected,,,,0,21,,,,
08_5B,1,1,1,II,1,V,1,infected,1,2,0,0,21,361.089,27919,26229,
08_5C,1,1,1,II,1,V,1,infected,0,0,0,0,21,354.201,21639,24292,
08_5D,1,1,1,II,1,V,1,infected,1,2,0,0,21,354.09,22581,21650,
08_6A,1,1,1,II,1,V,0,uninfected,,,,0,21,,,,
08_6B,1,1,1,II,1,V,0,uninfected,,,,0,21,,,,
08_6C,1,1,0,II,1,V,0,unexposed,,,,0,21,,,,
08_6D,1,1,1,II,1,V,0,uninfected,,,,0,21,,,,
09_1A,1,1,1,II,1,W,0,uninfected,,,,0,21,,,,
09_1B,1,1,1,II,1,W,1,infected,0,0,0,0,21,368.828,25646,25606,
09_1C,1,1,0,II,1,W,0,unexposed,,,,0,21,,,,
09_1D,1,1,1,II,1,W,1,infected,0,0,0,1,21,,,,
09_2A,1,1,1,II,1,W,0,uninfected,,,,1,16,,,,
09_2B,1,1,1,II,1,W,1,infected,0,0,0,0,21,368.611,24122,24097,
09_2C,1,1,1,II,1,W,,,,,,1,4,,,,
09_2D,1,1,1,II,1,W,1,infected,0,0,0,0,21,366.526,31052,32654,
09_3A,1,1,1,II,1,W,0,uninfected,,,,0,21,,,,
09_3B,1,1,1,II,1,W,0,uninfected,,,,0,21,,,,
09_3C,1,1,1,II,1,W,,,,,,1,4,,,,
09_3D,1,1,1,II,1,W,1,infected,0,0,0,0,21,361.931,31097,30539,
09_4A,1,1,1,II,2,W,0,uninfected,,,,0,21,,,,
09_4B,1,1,1,II,2,W,1,infected,0,0,0,1,20,,,,
09_4C,1,1,1,II,2,W,1,infected,,,,1,9,,,,
09_4D,1,1,1,II,2,W,0,uninfected,,,,0,21,,,,
09_5A,1,1,1,II,2,W,0,uninfected,,,,0,21,,,,
09_5B,1,1,1,II,2,W,0,uninfected,,,,0,21,,,,
09_5C,1,1,1,II,2,W,0,uninfected,,,,0,21,,,,
09_5D,1,1,1,II,2,W,1,infected,0,0,0,0,21,368.185,32906,32631,
09_6A,1,1,1,II,2,W,0,uninfected,,,,1,21,,,,
09_6B,1,1,0,II,2,W,0,unexposed,,,,1,18,,,,
09_6C,1,1,1,II,2,W,1,infected,0,0,0,0,21,355.983,26987,26293,
09_6D,1,1,1,II,2,W,1,infected,0,0,0,0,21,356.35,23457,23766,
10_1A,1,1,1,II,2,Z,0,uninfected,,,,0,21,,,,
10_1B,1,1,1,II,2,Z,0,uninfected,,,,0,21,,,,
10_1C,1,1,1,II,2,Z,0,uninfected,,,,0,21,,,,
10_1D,1,1,0,II,2,Z,0,unexposed,,,,0,21,,,,
10_2A,1,1,1,II,2,Z,1,infected,0,0,0,0,21,351.369,25072,25586,
10_2B,1,1,1,II,2,Z,0,uninfected,,,,0,21,,,,
10_2C,1,1,1,II,2,Z,1,infected,0,0,0,0,21,357.06,24233,23324,
10_2D,1,1,1,II,2,Z,1,infected,0,0,0,0,21,365.744,20296,20897,
10_3A,1,1,1,II,2,Z,0,uninfected,,,,0,21,,,,
10_3B,1,1,1,II,2,Z,1,infected,0,0,0,0,21,363.6,23798,26220,
10_3C,1,1,1,II,2,Z,0,uninfected,,,,0,21,,,,
10_3D,1,1,1,II,2,Z,0,uninfected,,,,0,21,,,,
10_4A,1,1,1,II,1,Z,0,uninfected,,,,1,12,,,,
10_4B,1,1,1,II,1,Z,0,uninfected,,,,1,20,,,,
10_4C,1,1,1,II,1,Z,0,uninfected,,,,1,21,,,,
10_4D,1,1,1,II,1,Z,0,uninfected,,,,0,21,,,,
10_5A,1,1,1,II,1,Z,,,,,,1,4,,,,
10_5B,1,1,1,II,1,Z,,,,,,1,4,,,,
10_5C,1,1,1,II,1,Z,1,infected,1,2,0,0,21,370.303,25991,23730,
10_5D,1,1,1,II,1,Z,0,uninfected,,,,0,21,,,,
10_6A,1,1,1,II,1,Z,0,uninfected,,,,0,21,,,,
10_6B,1,1,0,II,1,Z,0,unexposed,,,,1,12,,,,
10_6C,1,1,1,II,1,Z,0,uninfected,,,,0,21,,,,
10_6D,1,1,1,II,1,Z,1,infected,1,2,0,0,21,370.666,35707,31894,
11_1A,1,1,1,III,1,Q,0,uninfected,,,,1,16,,,,
11_1B,1,1,1,III,1,Q,0,uninfected,,,,0,21,,,,
11_1C,1,1,1,III,1,Q,1,infected,0,0,0,1,14,,,,
11_1D,1,1,1,III,1,Q,1,infected,0,0,0,0,21,383.193,27808,32632,
11_2A,1,1,1,III,1,Q,1,infected,0,1,0,1,12,,,,
11_2B,1,1,1,III,1,Q,0,uninfected,,,,1,12,,,,
11_2C,1,1,0,III,1,Q,0,unexposed,,,,0,21,,,,
11_2D,1,1,1,III,1,Q,0,uninfected,,,,0,21,,,,
11_3A,1,1,1,III,1,Q,,,,,,1,4,,,,
11_3B,1,1,1,III,1,Q,0,uninfected,,,,0,21,,,,
11_3C,1,1,1,III,1,Q,0,uninfected,,,,1,16,,,,
11_3D,1,1,1,III,1,Q,0,uninfected,,,,1,16,,,,
11_4A,1,1,1,III,2,Q,0,uninfected,,,,0,21,,,,
11_4B,1,1,0,III,2,Q,0,unexposed,,,,1,21,,,,
11_4C,1,1,1,III,2,Q,0,uninfected,,,,0,21,,,,
11_4D,1,1,1,III,2,Q,0,uninfected,,,,1,18,,,,
11_5A,1,1,1,III,2,Q,0,uninfected,,,,0,21,,,,
11_5B,1,1,1,III,2,Q,1,infected,0,0,0,0,21,364.297,22750,23021,
11_5C,1,1,1,III,2,Q,,,,,,1,4,,,,
11_5D,1,1,1,III,2,Q,1,infected,,,,1,9,,,,
11_6A,1,1,1,III,2,Q,0,uninfected,,,,1,10,,,,
11_6B,1,1,1,III,2,Q,0,uninfected,,,,0,21,,,,
11_6C,1,1,1,III,2,Q,0,uninfected,,,,0,21,,,,
11_6D,1,1,1,III,2,Q,0,uninfected,,,,0,21,,,,
12_1A,1,1,1,III,2,U,,,,,,1,4,,,,
12_1B,1,1,1,III,2,U,0,uninfected,,,,1,20,,,,
12_1C,1,1,1,III,2,U,0,uninfected,,,,1,21,,,,
12_1D,1,1,1,III,2,U,0,uninfected,,,,0,21,,,,
12_2A,1,1,1,III,2,U,0,uninfected,,,,0,21,,,,
12_2B,1,1,1,III,2,U,0,uninfected,,,,0,21,,,,
12_2C,1,1,1,III,2,U,,,,,,,,,,,no cop
12_2D,1,1,1,III,2,U,0,uninfected,,,,0,21,,,,
12_3A,1,1,1,III,2,U,0,uninfected,,,,1,12,,,,
12_3B,1,1,1,III,2,U,0,uninfected,,,,0,21,,,,
12_3C,1,1,0,III,2,U,0,unexposed,,,,0,21,,,,
12_3D,1,1,1,III,2,U,0,uninfected,,,,1,20,,,,
12_4A,1,1,1,III,1,U,0,uninfected,,,,0,21,,,,
12_4B,1,1,0,III,1,U,0,unexposed,,,,0,21,,,,
12_4C,1,1,1,III,1,U,0,uninfected,,,,0,21,,,,
12_4D,1,1,1,III,1,U,0,uninfected,,,,0,21,,,,
12_5A,1,1,1,III,1,U,0,uninfected,,,,1,21,,,,
12_5B,1,1,1,III,1,U,0,uninfected,,,,0,21,,,,
12_5C,1,1,1,III,1,U,,,,,,1,4,,,,
12_5D,1,1,1,III,1,U,1,infected,0,0,0,1,20,,,,
12_6A,1,1,1,III,1,U,,,,,,1,4,,,,
12_6B,1,1,1,III,1,U,0,uninfected,,,,1,20,,,,
12_6C,1,1,1,III,1,U,0,uninfected,,,,0,21,,,,
12_6D,1,1,1,III,1,U,1,infected,1,2,0,0,21,377.069,24241,28460,
13_1A,1,1,1,III,1,V,1,infected,1,2,0,1,18,,,,
13_1B,1,1,1,III,1,V,1,infected,0,0,0,1,20,,,,
13_1C,1,1,0,III,1,V,0,unexposed,,,,0,21,,,,
13_1D,1,1,1,III,1,V,0,uninfected,,,,1,14,,,,
13_2A,1,1,1,III,1,V,0,uninfected,,,,1,20,,,,
13_2B,1,1,1,III,1,V,0,uninfected,,,,0,21,,,,
13_2C,1,1,1,III,1,V,0,uninfected,,,,1,18,,,,
13_2D,1,1,1,III,1,V,0,uninfected,,,,1,16,,,,
13_3A,1,1,1,III,1,V,,,,,,1,4,,,,
13_3B,1,1,1,III,1,V,0,uninfected,,,,1,14,,,,
13_3C,1,1,1,III,1,V,0,uninfected,,,,0,21,,,,
13_3D,1,1,1,III,1,V,1,infected,0,1,0,0,21,383.021,25239,27101,
13_4A,1,1,0,III,2,V,0,unexposed,,,,0,21,,,,
13_4B,1,1,1,III,2,V,0,uninfected,,,,1,16,,,,
13_4C,1,1,1,III,2,V,0,uninfected,,,,0,21,,,,
13_4D,1,1,1,III,2,V,,,,,,1,4,,,,
13_5A,1,1,1,III,2,V,0,uninfected,,,,0,21,,,,
13_5B,1,1,1,III,2,V,1,infected,0,0,0,1,20,,,,
13_5C,1,1,1,III,2,V,0,uninfected,,,,1,16,,,,
13_5D,1,1,1,III,2,V,0,uninfected,,,,1,18,,,,
13_6A,1,1,1,III,2,V,1,infected,0,0,0,0,21,373.615,26628,24319,
13_6B,1,1,1,III,2,V,,,,,,1,4,,,,
13_6C,1,1,1,III,2,V,,,,,,1,4,,,,
13_6D,1,1,1,III,2,V,1,infected,0,0,0,0,21,361.681,27796,28076,
14_1A,1,1,1,III,2,W,0,uninfected,,,,0,21,,,,
14_1B,1,1,1,III,2,W,0,uninfected,,,,0,21,,,,
14_1C,1,1,1,III,2,W,0,uninfected,,,,1,10,,,,
14_1D,1,1,1,III,2,W,1,infected,0,0,0,1,10,,,,
14_2A,1,1,0,III,2,W,0,unexposed,,,,1,18,,,,
14_2B,1,1,1,III,2,W,1,infected,0,0,0,0,21,360.028,26607,28312,
14_2C,1,1,1,III,2,W,0,uninfected,,,,0,21,,,,
14_2D,1,1,1,III,2,W,0,uninfected,,,,1,20,,,,
14_3A,1,1,1,III,2,W,0,uninfected,,,,1,20,,,,
14_3B,1,1,1,III,2,W,0,uninfected,,,,0,21,,,,
14_3C,1,1,1,III,2,W,0,uninfected,,,,1,20,,,,
14_3D,1,1,1,III,2,W,1,infected,0,0,0,1,20,,,,
14_4A,1,1,1,III,1,W,1,infected,0,0,0,1,18,,,,
14_4B,1,1,1,III,1,W,0,uninfected,,,,1,20,,,,
14_4C,1,1,1,III,1,W,,,,,,1,4,,,,
14_4D,1,1,1,III,1,W,0,uninfected,,,,1,16,,,,
14_5A,1,1,1,III,1,W,,,,,,1,4,,,,
14_5B,1,1,1,III,1,W,0,uninfected,,,,0,21,,,,
14_5C,1,1,1,III,1,W,1,infected,0,0,0,0,21,358,30675,27689,
14_5D,1,1,1,III,1,W,0,uninfected,,,,1,16,,,,
14_6A,1,1,0,III,1,W,,unexposed,,,,1,4,,,,
14_6B,1,1,1,III,1,W,0,uninfected,,,,1,16,,,,
14_6C,1,1,1,III,1,W,1,infected,0,0,0,0,21,365.012,28249,29716,
14_6D,1,1,1,III,1,W,,,,,,1,4,,,,
15_1A,1,1,0,III,1,Z,0,unexposed,,,,1,16,,,,
15_1B,1,1,1,III,1,Z,0,uninfected,,,,1,18,,,,
15_1C,1,1,1,III,1,Z,1,infected,1,2,0,1,12,,,,
15_1D,1,1,1,III,1,Z,,,,,,1,4,,,,
15_2A,1,1,1,III,1,Z,1,infected,1,2,0,1,21,,,,
15_2B,1,1,1,III,1,Z,0,uninfected,,,,1,20,,,,
15_2C,1,1,1,III,1,Z,1,infected,1,2,0,0,21,378.926,27738,26255,
15_2D,1,1,1,III,1,Z,1,infected,1,2,0,1,14,,,,
15_3A,1,1,1,III,1,Z,0,uninfected,,,,0,21,,,,
15_3B,1,1,1,III,1,Z,0,uninfected,,,,0,21,,,,
15_3C,1,1,1,III,1,Z,0,uninfected,,,,0,21,,,,
15_3D,1,1,1,III,1,Z,0,uninfected,,,,1,20,,,,
15_4A,1,1,0,III,2,Z,0,unexposed,,,,1,12,,,,
15_4B,1,1,1,III,2,Z,0,uninfected,,,,0,21,,,,
15_4C,1,1,1,III,2,Z,0,uninfected,,,,0,21,,,,
15_4D,1,1,1,III,2,Z,0,uninfected,,,,1,12,,,,
15_5A,1,1,1,III,2,Z,,,,,,1,4,,,,
15_5B,1,1,1,III,2,Z,1,infected,1,2,0,0,21,378.319,28792,27483,
15_5C,1,1,1,III,2,Z,,,,,,1,4,,,,
15_5D,1,1,1,III,2,Z,1,infected,0,1,0,0,21,368.246,26507,25403,
15_6A,1,1,1,III,2,Z,0,uninfected,,,,1,18,,,,
15_6B,1,1,1,III,2,Z,,,,,,1,4,,,,
15_6C,1,1,1,III,2,Z,0,uninfected,,,,0,21,,,,
15_6D,1,1,1,III,2,Z,1,infected,1,2,0,1,21,,,,
16_1A,,,,,,,,,,,,,,,,,"for family IV, there were only male cops in one tank, not enough to fill 5 plates"
16_1B,,,,,,,,,,,,,,,,,"for family IV, there were only male cops in one tank, not enough to fill 5 plates"
16_1C,,,,,,,,,,,,,,,,,"for family IV, there were only male cops in one tank, not enough to fill 5 plates"
16_1D,,,,,,,,,,,,,,,,,"for family IV, there were only male cops in one tank, not enough to fill 5 plates"
16_2A,,,,,,,,,,,,,,,,,"for family IV, there were only male cops in one tank, not enough to fill 5 plates"
16_2B,,,,,,,,,,,,,,,,,"for family IV, there were only male cops in one tank, not enough to fill 5 plates"
16_2C,,,,,,,,,,,,,,,,,"for family IV, there were only male cops in one tank, not enough to fill 5 plates"
16_2D,,,,,,,,,,,,,,,,,"for family IV, there were only male cops in one tank, not enough to fill 5 plates"
16_3A,,,,,,,,,,,,,,,,,"for family IV, there were only male cops in one tank, not enough to fill 5 plates"
16_3B,,,,,,,,,,,,,,,,,"for family IV, there were only male cops in one tank, not enough to fill 5 plates"
16_3C,,,,,,,,,,,,,,,,,"for family IV, there were only male cops in one tank, not enough to fill 5 plates"
16_3D,,,,,,,,,,,,,,,,,"for family IV, there were only male cops in one tank, not enough to fill 5 plates"
16_4A,1,1,1,IV,1,Q,0,uninfected,,,,1,20,,,,
16_4B,1,1,1,IV,1,Q,1,infected,1,2,0,1,18,,,,
16_4C,1,1,1,IV,1,Q,0,uninfected,,,,0,21,,,,
16_4D,1,1,1,IV,1,Q,0,uninfected,,,,0,21,,,,
16_5A,1,1,0,IV,1,Q,0,unexposed,,,,0,21,,,,
16_5B,1,1,1,IV,1,Q,0,uninfected,,,,1,18,,,,
16_5C,1,1,1,IV,1,Q,,,,,,1,4,,,,
16_5D,,,,,,,,,,,,,,,,,"for family IV, there were only male cops in one tank, not enough to fill 5 plates"
16_6A,1,1,1,IV,1,Q,0,uninfected,,,,1,18,,,,
16_6B,1,1,1,IV,1,Q,0,uninfected,,,,0,21,,,,
16_6C,1,1,1,IV,1,Q,0,uninfected,,,,0,21,,,,
16_6D,,,,,,,,,,,,,,,,,"for family IV, there were only male cops in one tank, not enough to fill 5 plates"
17_1A,1,1,1,IV,1,U,0,uninfected,,,,1,16,,,,
17_1B,1,1,1,IV,1,U,0,uninfected,,,,1,20,,,,
17_1C,1,1,1,IV,1,U,0,uninfected,,,,0,21,,,,
17_1D,1,1,1,IV,1,U,1,infected,1,2,0,1,14,,,,
17_2A,1,1,1,IV,1,U,0,uninfected,,,,0,21,,,,
17_2B,1,1,0,IV,1,U,0,unexposed,,,,0,21,,,,
17_2C,1,1,1,IV,1,U,0,uninfected,,,,0,21,,,,
17_2D,,,,,,,,,,,,,,,,,"for family IV, there were only male cops in one tank, not enough to fill 5 plates"
17_3A,1,1,1,IV,1,U,0,uninfected,,,,0,21,,,,
17_3B,1,1,1,IV,1,U,0,uninfected,,,,0,21,,,,
17_3C,1,1,1,IV,1,U,0,uninfected,,,,1,12,,,,
17_3D,,,,,,,,,,,,,,,,,"for family IV, there were only male cops in one tank, not enough to fill 5 plates"
17_4A,,,,,,,,,,,,,,,,,"for family IV, there were only male cops in one tank, not enough to fill 5 plates"
17_4B,,,,,,,,,,,,,,,,,"for family IV, there were only male cops in one tank, not enough to fill 5 plates"
17_4C,,,,,,,,,,,,,,,,,"for family IV, there were only male cops in one tank, not enough to fill 5 plates"
17_4D,,,,,,,,,,,,,,,,,"for family IV, there were only male cops in one tank, not enough to fill 5 plates"
17_5A,,,,,,,,,,,,,,,,,"for family IV, there were only male cops in one tank, not enough to fill 5 plates"
17_5B,,,,,,,,,,,,,,,,,"for family IV, there were only male cops in one tank, not enough to fill 5 plates"
17_5C,,,,,,,,,,,,,,,,,"for family IV, there were only male cops in one tank, not enough to fill 5 plates"
17_5D,,,,,,,,,,,,,,,,,"for family IV, there were only male cops in one tank, not enough to fill 5 plates"
17_6A,,,,,,,,,,,,,,,,,"for family IV, there were only male cops in one tank, not enough to fill 5 plates"
17_6B,,,,,,,,,,,,,,,,,"for family IV, there were only male cops in one tank, not enough to fill 5 plates"
17_6C,,,,,,,,,,,,,,,,,"for family IV, there were only male cops in one tank, not enough to fill 5 plates"
17_6D,,,,,,,,,,,,,,,,,"for family IV, there were only male cops in one tank, not enough to fill 5 plates"
18_1A,,,,,,,,,,,,,,,,,"for family IV, there were only male cops in one tank, not enough to fill 5 plates"
18_1B,,,,,,,,,,,,,,,,,"for family IV, there were only male cops in one tank, not enough to fill 5 plates"
18_1C,,,,,,,,,,,,,,,,,"for family IV, there were only male cops in one tank, not enough to fill 5 plates"
18_1D,,,,,,,,,,,,,,,,,"for family IV, there were only male cops in one tank, not enough to fill 5 plates"
18_2A,,,,,,,,,,,,,,,,,"for family IV, there were only male cops in one tank, not enough to fill 5 plates"
18_2B,,,,,,,,,,,,,,,,,"for family IV, there were only male cops in one tank, not enough to fill 5 plates"
18_2C,,,,,,,,,,,,,,,,,"for family IV, there were only male cops in one tank, not enough to fill 5 plates"
18_2D,,,,,,,,,,,,,,,,,"for family IV, there were only male cops in one tank, not enough to fill 5 plates"
18_3A,,,,,,,,,,,,,,,,,"for family IV, there were only male cops in one tank, not enough to fill 5 plates"
18_3B,,,,,,,,,,,,,,,,,"for family IV, there were only male cops in one tank, not enough to fill 5 plates"
18_3C,,,,,,,,,,,,,,,,,"for family IV, there were only male cops in one tank, not enough to fill 5 plates"
18_3D,,,,,,,,,,,,,,,,,"for family IV, there were only male cops in one tank, not enough to fill 5 plates"
18_4A,1,1,1,IV,1,V,0,uninfected,,,,0,21,,,,
18_4B,1,1,1,IV,1,V,0,uninfected,,,,1,10,,,,
18_4C,1,1,1,IV,1,V,0,uninfected,,,,1,12,,,,
18_4D,1,1,1,IV,1,V,0,uninfected,,,,0,21,,,,
18_5A,1,1,1,IV,1,V,0,uninfected,,,,1,16,,,,
18_5B,1,1,0,IV,1,V,0,unexposed,,,,1,16,,,,
18_5C,1,1,1,IV,1,V,0,uninfected,,,,0,21,,,,
18_5D,1,1,1,IV,1,V,0,uninfected,,,,1,20,,,,
18_6A,1,1,1,IV,1,V,0,uninfected,,,,1,14,,,,
18_6B,1,1,1,IV,1,V,0,uninfected,,,,1,10,,,,
18_6C,1,1,1,IV,1,V,1,infected,0,0,0,0,21,414.609,28039,26409,
18_6D,,,,,,,,,,,,,,,,,"for family IV, there were only male cops in one tank, not enough to fill 5 plates"
19_1A,1,1,1,IV,1,W,1,infected,0,0,0,0,21,374.242,26092,26023,
19_1B,1,1,1,IV,1,W,0,uninfected,,,,1,10,,,,
19_1C,1,1,1,IV,1,W,0,uninfected,,,,1,16,,,,
19_1D,1,1,1,IV,1,W,1,infected,0,0,0,0,21,383.301,30904,30274,
19_2A,1,1,0,IV,1,W,0,unexposed,,,,1,14,,,,
19_2B,1,1,1,IV,1,W,0,uninfected,,,,1,20,,,,
19_2C,1,1,1,IV,1,W,0,uninfected,,,,1,16,,,,
19_2D,,,,,,,,,,,,,,,,,"for family IV, there were only male cops in one tank, not enough to fill 5 plates"
19_3A,1,1,1,IV,1,W,1,infected,0,0,0,0,21,373.88,31359,35269,
19_3B,1,1,1,IV,1,W,0,uninfected,,,,1,21,,,,
19_3C,1,1,1,IV,1,W,0,uninfected,,,,1,14,,,,
19_3D,,,,,,,,,,,,,,,,,"for family IV, there were only male cops in one tank, not enough to fill 5 plates"
19_4A,,,,,,,,,,,,,,,,,"for family IV, there were only male cops in one tank, not enough to fill 5 plates"
19_4B,,,,,,,,,,,,,,,,,"for family IV, there were only male cops in one tank, not enough to fill 5 plates"
19_4C,,,,,,,,,,,,,,,,,"for family IV, there were only male cops in one tank, not enough to fill 5 plates"
19_4D,,,,,,,,,,,,,,,,,"for family IV, there were only male cops in one tank, not enough to fill 5 plates"
19_5A,,,,,,,,,,,,,,,,,"for family IV, there were only male cops in one tank, not enough to fill 5 plates"
19_5B,,,,,,,,,,,,,,,,,"for family IV, there were only male cops in one tank, not enough to fill 5 plates"
19_5C,,,,,,,,,,,,,,,,,"for family IV, there were only male cops in one tank, not enough to fill 5 plates"
19_5D,,,,,,,,,,,,,,,,,"for family IV, there were only male cops in one tank, not enough to fill 5 plates"
19_6A,,,,,,,,,,,,,,,,,"for family IV, there were only male cops in one tank, not enough to fill 5 plates"
19_6B,,,,,,,,,,,,,,,,,"for family IV, there were only male cops in one tank, not enough to fill 5 plates"
19_6C,,,,,,,,,,,,,,,,,"for family IV, there were only male cops in one tank, not enough to fill 5 plates"
19_6D,,,,,,,,,,,,,,,,,"for family IV, there were only male cops in one tank, not enough to fill 5 plates"
20_1A,,,,,,,,,,,,,,,,,"for family IV, there were only male cops in one tank, not enough to fill 5 plates"
20_1B,,,,,,,,,,,,,,,,,"for family IV, there were only male cops in one tank, not enough to fill 5 plates"
20_1C,,,,,,,,,,,,,,,,,"for family IV, there were only male cops in one tank, not enough to fill 5 plates"
20_1D,,,,,,,,,,,,,,,,,"for family IV, there were only male cops in one tank, not enough to fill 5 plates"
20_2A,,,,,,,,,,,,,,,,,"for family IV, there were only male cops in one tank, not enough to fill 5 plates"
20_2B,,,,,,,,,,,,,,,,,"for family IV, there were only male cops in one tank, not enough to fill 5 plates"
20_2C,,,,,,,,,,,,,,,,,"for family IV, there were only male cops in one tank, not enough to fill 5 plates"
20_2D,,,,,,,,,,,,,,,,,"for family IV, there were only male cops in one tank, not enough to fill 5 plates"
20_3A,,,,,,,,,,,,,,,,,"for family IV, there were only male cops in one tank, not enough to fill 5 plates"
20_3B,,,,,,,,,,,,,,,,,"for family IV, there were only male cops in one tank, not enough to fill 5 plates"
20_3C,,,,,,,,,,,,,,,,,"for family IV, there were only male cops in one tank, not enough to fill 5 plates"
20_3D,,,,,,,,,,,,,,,,,"for family IV, there were only male cops in one tank, not enough to fill 5 plates"
20_4A,1,1,1,IV,1,Z,0,uninfected,,,,0,21,,,,
20_4B,1,1,0,IV,1,Z,0,unexposed,,,,1,10,,,,
20_4C,1,1,1,IV,1,Z,0,uninfected,,,,0,21,,,,
20_4D,1,1,1,IV,1,Z,,,,,,1,4,,,,
20_5A,1,1,1,IV,1,Z,0,uninfected,,,,0,21,,,,
20_5B,1,1,1,IV,1,Z,1,infected,0,0,0,0,21,,,,"unsure why it wasn't dissected, dead?…"
20_5C,1,1,1,IV,1,Z,0,uninfected,,,,1,10,,,,
20_5D,1,1,1,IV,1,Z,1,infected,0,0,0,1,10,,,,
20_6A,1,1,1,IV,1,Z,1,infected,1,2,0,1,12,,,,
20_6B,1,1,1,IV,1,Z,1,infected,1,2,0,1,16,,,,
20_6C,1,1,1,IV,1,Z,,,,,,1,4,,,,
20_6D,,,,,,,,,,,,,,,,,"for family IV, there were only male cops in one tank, not enough to fill 5 plates"
21_1A,1,1,1,V,1,Q,0,uninfected,,,,1,18,,,,
21_1B,1,1,1,V,1,Q,0,uninfected,,,,1,20,,,,
21_1C,1,1,1,V,1,Q,0,uninfected,,,,0,21,,,,
21_1D,1,1,1,V,1,Q,1,infected,0,0,0,0,21,370.363,23301,23078,
21_2A,1,1,1,V,1,Q,0,uninfected,,,,0,21,,,,
21_2B,1,1,1,V,1,Q,0,uninfected,,,,0,21,,,,
21_2C,1,1,1,V,1,Q,0,uninfected,,,,0,21,,,,
21_2D,1,1,1,V,1,Q,0,uninfected,,,,0,21,,,,
21_3A,1,1,0,V,1,Q,0,unexposed,,,,0,21,,,,
21_3B,1,1,1,V,1,Q,0,uninfected,,,,1,18,,,,
21_3C,1,1,1,V,1,Q,0,uninfected,,,,0,21,,,,
21_3D,1,1,1,V,1,Q,0,uninfected,,,,1,18,,,,
21_4A,1,1,1,V,2,Q,0,uninfected,,,,0,21,,,,
21_4B,1,1,1,V,2,Q,1,infected,0,0,0,0,21,352.687,24523,24924,
21_4C,1,1,1,V,2,Q,0,uninfected,,,,0,21,,,,
21_4D,1,1,0,V,2,Q,0,unexposed,,,,0,21,,,,
21_5A,1,1,1,V,2,Q,0,uninfected,,,,1,16,,,,
21_5B,1,1,1,V,2,Q,0,uninfected,,,,1,10,,,,
21_5C,1,1,1,V,2,Q,0,uninfected,,,,0,21,,,,
21_5D,1,1,1,V,2,Q,0,uninfected,,,,0,21,,,,
21_6A,1,1,1,V,2,Q,1,infected,0,0,0,0,21,360.672,28137,28955,
21_6B,1,1,1,V,2,Q,0,uninfected,,,,0,21,,,,
21_6C,1,1,1,V,2,Q,1,infected,0,0,0,1,14,,,,
21_6D,1,1,1,V,2,Q,0,uninfected,,,,1,18,,,,
22_1A,1,1,1,V,2,U,1,infected,0,0,0,1,21,,,,
22_1B,1,1,1,V,2,U,0,uninfected,,,,0,21,,,,
22_1C,1,1,1,V,2,U,0,uninfected,,,,0,21,,,,
22_1D,1,1,0,V,2,U,0,unexposed,,,,1,20,,,,
22_2A,1,1,1,V,2,U,0,uninfected,,,,0,21,,,,
22_2B,1,1,1,V,2,U,1,infected,0,0,0,0,21,357.33,21733,23445,
22_2C,1,1,1,V,2,U,0,uninfected,,,,0,21,,,,
22_2D,1,1,1,V,2,U,1,infected,0,0,0,0,21,365.301,25219,25310,
22_3A,1,1,1,V,2,U,1,infected,0,1,0,1,16,,,,
22_3B,1,1,1,V,2,U,0,uninfected,,,,0,21,,,,
22_3C,1,1,1,V,2,U,,,,,,1,4,,,,
22_3D,1,1,1,V,2,U,0,uninfected,,,,0,21,,,,
22_4A,1,1,1,V,1,U,0,uninfected,,,,0,21,,,,
22_4B,1,1,1,V,1,U,1,infected,0,0,0,0,21,342.46,26229,25089,
22_4C,1,1,1,V,1,U,0,uninfected,,,,1,18,,,,
22_4D,1,1,1,V,1,U,0,uninfected,,,,0,21,,,,
22_5A,1,1,1,V,1,U,0,uninfected,,,,0,21,,,,
22_5B,1,1,1,V,1,U,0,uninfected,,,,0,21,,,,
22_5C,1,1,1,V,1,U,0,uninfected,,,,0,21,,,,
22_5D,1,1,1,V,1,U,0,uninfected,,,,0,21,,,,
22_6A,1,1,1,V,1,U,0,uninfected,,,,1,16,,,,
22_6B,1,1,1,V,1,U,1,infected,0,0,0,0,21,,,,worm lost? Looks small in cop pic
22_6C,1,1,1,V,1,U,1,infected,0,0,0,0,21,365.891,23732,26429,
22_6D,1,1,0,V,1,U,0,unexposed,,,,0,21,,,,
23_1A,1,1,1,V,1,V,0,uninfected,,,,0,21,,,,
23_1B,1,1,1,V,1,V,1,infected,0,0,0,0,21,371.361,28575,27949,
23_1C,1,1,1,V,1,V,0,uninfected,,,,0,21,,,,
23_1D,1,1,1,V,1,V,0,uninfected,,,,0,21,,,,
23_2A,1,1,1,V,1,V,0,uninfected,,,,0,21,,,,
23_2B,1,1,1,V,1,V,0,uninfected,,,,1,18,,,,
23_2C,1,1,1,V,1,V,0,uninfected,,,,1,21,,,,
23_2D,1,1,0,V,1,V,0,unexposed,,,,0,21,,,,
23_3A,1,1,1,V,1,V,1,infected,1,2,0,0,21,364.117,24115,24565,
23_3B,1,1,1,V,1,V,1,infected,0,0,0,0,21,367.151,25083,26383,
23_3C,1,1,1,V,1,V,0,uninfected,,,,0,21,,,,
23_3D,1,1,1,V,1,V,0,uninfected,,,,0,21,,,,
23_4A,1,1,0,V,2,V,0,unexposed,,,,1,18,,,,
23_4B,1,1,1,V,2,V,0,uninfected,,,,0,21,,,,
23_4C,1,1,1,V,2,V,1,infected,0,0,0,0,21,,24008,23693,
23_4D,1,1,1,V,2,V,1,infected,0,0,0,0,21,360.035,23756,22745,
23_5A,1,1,1,V,2,V,0,uninfected,,,,1,20,,,,
23_5B,1,1,1,V,2,V,1,infected,0,0,0,0,21,,24990,25527,
23_5C,1,1,1,V,2,V,1,infected,0,0,0,0,21,359.124,25663,24173,
23_5D,1,1,1,V,2,V,0,uninfected,,,,0,21,,,,
23_6A,1,1,1,V,2,V,0,uninfected,,,,0,21,,,,
23_6B,1,1,1,V,2,V,1,infected,0,0,0,1,21,,,,
23_6C,1,1,1,V,2,V,0,uninfected,,,,0,21,,,,
23_6D,1,1,1,V,2,V,0,uninfected,,,,0,21,,,,
24_1A,1,1,1,V,2,W,0,uninfected,,,,0,21,,,,
24_1B,1,1,1,V,2,W,1,infected,0,0,0,0,21,351.71,27512,27379,
24_1C,1,1,1,V,2,W,0,uninfected,,,,0,21,,,,
24_1D,1,1,1,V,2,W,0,uninfected,,,,0,21,,,,
24_2A,1,1,1,V,2,W,0,uninfected,,,,0,21,,,,
24_2B,1,1,1,V,2,W,1,infected,0,0,0,0,21,356.545,28896,27787,
24_2C,1,1,1,V,2,W,1,infected,0,0,0,0,21,357.325,28247,26925,
24_2D,1,1,1,V,2,W,0,uninfected,,,,0,21,,,,
24_3A,1,1,1,V,2,W,0,uninfected,,,,0,21,,,,
24_3B,1,1,1,V,2,W,0,uninfected,,,,0,21,,,,
24_3C,1,1,1,V,2,W,0,uninfected,,,,0,21,,,,
24_3D,1,1,0,V,2,W,0,unexposed,,,,0,21,,,,
24_4A,1,1,1,V,1,W,0,uninfected,,,,0,21,,,,
24_4B,1,1,1,V,1,W,,,,,,1,8,,,,
24_4C,1,1,1,V,1,W,1,infected,0,0,0,0,21,369,25539,26976,
24_4D,1,1,0,V,1,W,0,unexposed,,,,0,21,,,,
24_5A,1,1,1,V,1,W,0,uninfected,,,,0,21,,,,
24_5B,1,1,1,V,1,W,1,infected,0,0,0,1,16,,,,
24_5C,1,1,1,V,1,W,0,uninfected,,,,0,21,,,,
24_5D,1,1,1,V,1,W,0,uninfected,,,,0,21,,,,
24_6A,1,1,1,V,1,W,0,uninfected,,,,0,21,,,,
24_6B,1,1,1,V,1,W,1,infected,0,0,0,0,21,356.856,27439,26600,
24_6C,1,1,1,V,1,W,1,infected,0,0,0,0,21,363.032,28962,29032,
24_6D,1,1,1,V,1,W,0,uninfected,,,,0,21,,,,
25_1A,1,1,0,V,1,Z,0,unexposed,,,,0,21,,,,
25_1B,1,1,1,V,1,Z,0,uninfected,,,,0,21,,,,
25_1C,1,1,1,V,1,Z,0,uninfected,,,,0,21,,,,
25_1D,1,1,1,V,1,Z,0,uninfected,,,,0,21,,,,
25_2A,1,1,1,V,1,Z,1,infected,1,2,0,0,21,369.229,24225,24589,
25_2B,1,1,1,V,1,Z,0,uninfected,,,,0,21,,,,
25_2C,1,1,1,V,1,Z,0,uninfected,,,,0,21,,,,
25_2D,1,1,1,V,1,Z,0,uninfected,,,,0,21,,,,
25_3A,1,1,1,V,1,Z,1,infected,1,2,0,0,21,356.612,32675,33871,
25_3B,1,1,1,V,1,Z,0,uninfected,,,,0,21,,,,
25_3C,1,1,1,V,1,Z,0,uninfected,,,,0,21,,,,
25_3D,1,1,1,V,1,Z,0,uninfected,,,,0,21,,,,
25_4A,1,1,0,V,2,Z,0,unexposed,,,,0,21,,,,
25_4B,1,1,1,V,2,Z,0,uninfected,,,,1,20,,,,
25_4C,1,1,1,V,2,Z,1,infected,1,2,0,0,21,375.181,23887,25565,
25_4D,1,1,1,V,2,Z,1,infected,0,0,0,0,21,378.001,26315,27881,
25_5A,1,1,1,V,2,Z,1,infected,0,0,0,0,21,359.611,28791,30902,
25_5B,1,1,1,V,2,Z,1,infected,0,0,0,0,21,361.248,23584,22672,
25_5C,1,1,1,V,2,Z,0,uninfected,,,,1,18,,,,
25_5D,1,1,1,V,2,Z,1,infected,1,2,0,0,21,353.556,27883,26313,
25_6A,1,1,1,V,2,Z,0,uninfected,,,,0,21,,,,
25_6B,1,1,1,V,2,Z,1,infected,1,2,0,0,21,365.153,23479,23540,
25_6C,1,1,1,V,2,Z,0,uninfected,,,,0,21,,,,
25_6D,1,1,1,V,2,Z,1,infected,1,2,0,0,21,360.902,26918,26307,
26_1A,2,2,1,I,3,Q,0,uninfected,,,,0,21,,,,
26_1B,2,2,1,I,3,Q,1,infected,0,0,0,1,12,,,,
26_1C,2,2,1,I,3,Q,0,uninfected,,,,0,21,,,,
26_1D,2,2,1,I,3,Q,0,uninfected,,,,0,21,,,,
26_2A,2,2,1,I,3,Q,0,uninfected,,,,1,18,,,,
26_2B,2,2,1,I,3,Q,0,uninfected,,,,1,6,,,,
26_2C,2,2,1,I,3,Q,1,infected,0,0,0,0,21,378.16,19486,20380,
26_2D,2,2,1,I,3,Q,0,uninfected,,,,0,21,,,,
26_3A,2,2,0,I,3,Q,0,unexposed,,,,0,21,,,,
26_3B,2,2,1,I,3,Q,1,infected,0,0,0,0,21,377.955,23398,24829,
26_3C,2,2,1,I,3,Q,1,infected,0,1,0,1,16,,,,
26_3D,2,2,1,I,3,Q,0,uninfected,,,,0,21,,,,
26_4A,2,2,1,I,4,Q,1,infected,0,1,0,0,21,386.039,30503,32079,
26_4B,2,2,0,I,4,Q,0,unexposed,,,,0,21,,,,
26_4C,2,2,1,I,4,Q,0,uninfected,,,,0,21,,,,
26_4D,2,2,1,I,4,Q,1,infected,0,0,0,0,21,382.168,30959,31141,
26_5A,2,2,1,I,4,Q,1,infected,0,0,0,0,21,382.106,28267,26153,
26_5B,2,2,1,I,4,Q,0,uninfected,,,,0,21,,,,
26_5C,2,2,1,I,4,Q,0,uninfected,,,,0,21,,,,
26_5D,2,2,1,I,4,Q,1,infected,0,0,0,0,21,397.917,34483,28928,
26_6A,2,2,1,I,4,Q,1,infected,0,0,0,0,21,418.169,24959,25059,
26_6B,2,2,1,I,4,Q,1,infected,0,0,0,0,21,390.713,25880,26913,
26_6C,2,2,1,I,4,Q,0,uninfected,,,,0,21,,,,
26_6D,2,2,1,I,4,Q,0,uninfected,,,,0,21,,,,
27_1A,2,2,1,I,4,U,0,uninfected,,,,0,21,,,,
27_1B,2,2,1,I,4,U,1,infected,0,0,0,0,21,373.048,20813,21149,
27_1C,2,2,1,I,4,U,1,infected,0,0,0,0,21,376.651,22575,19616,
27_1D,2,2,1,I,4,U,1,infected,0,0,0,0,21,376.279,26368,27320,
27_2A,2,2,1,I,4,U,0,uninfected,,,,0,21,,,,
27_2B,2,2,1,I,4,U,0,uninfected,,,,0,21,,,,
27_2C,2,2,1,I,4,U,0,uninfected,,,,0,21,,,,
27_2D,2,2,0,I,4,U,0,unexposed,,,,1,20,,,,
27_3A,2,2,1,I,4,U,0,uninfected,,,,0,21,,,,
27_3B,2,2,1,I,4,U,0,uninfected,,,,0,21,,,,
27_3C,2,2,1,I,4,U,0,uninfected,,,,0,21,,,,
27_3D,2,2,1,I,4,U,0,uninfected,,,,0,21,,,,
27_4A,2,2,1,I,3,U,0,uninfected,,,,0,21,,,,
27_4B,2,2,1,I,3,U,1,infected,,,,1,16,,,,cerc not checked?
27_4C,2,2,1,I,3,U,0,uninfected,,,,0,21,,,,
27_4D,2,2,1,I,3,U,1,infected,1,2,0,0,21,371.163,26296,28894,
27_5A,2,2,1,I,3,U,0,uninfected,,,,0,21,,,,
27_5B,2,2,1,I,3,U,1,infected,0,0,0,0,21,416.227,27383,27765,
27_5C,2,2,0,I,3,U,0,unexposed,,,,1,18,,,,
27_5D,2,2,1,I,3,U,0,uninfected,,,,0,21,,,,
27_6A,2,2,1,I,3,U,0,uninfected,,,,1,18,,,,
27_6B,2,2,1,I,3,U,0,uninfected,,,,0,21,,,,
27_6C,2,2,1,I,3,U,1,infected,0,1,0,1,20,,,,
27_6D,2,2,1,I,3,U,0,uninfected,,,,0,21,,,,
28_1A,2,2,1,I,3,U,0,uninfected,,,,0,21,,,,
28_1B,2,2,1,I,3,U,0,uninfected,,,,0,21,,,,
28_1C,2,2,1,I,3,U,0,uninfected,,,,1,6,,,,
28_1D,2,2,1,I,3,U,0,uninfected,,,,0,21,,,,
28_2A,2,2,1,I,3,U,0,uninfected,,,,1,21,,,,
28_2B,2,2,1,I,3,U,0,uninfected,,,,0,21,,,,
28_2C,2,2,1,I,3,U,0,uninfected,,,,1,6,,,,
28_2D,2,2,1,I,3,U,0,uninfected,,,,0,21,,,,
28_3A,2,2,1,I,3,U,0,uninfected,,,,1,6,,,,
28_3B,2,2,0,I,3,U,0,unexposed,,,,1,20,,,,
28_3C,2,2,1,I,3,U,1,infected,0,0,0,0,21,401.688,26246,23591,
28_3D,2,2,1,I,3,U,0,uninfected,,,,0,21,,,,
28_4A,2,2,0,I,4,U,0,unexposed,,,,0,21,,,,
28_4B,2,2,1,I,4,U,0,uninfected,,,,0,21,,,,
28_4C,2,2,1,I,4,U,,,,,,,,,,,lost
28_4D,2,2,1,I,4,U,0,uninfected,,,,0,21,,,,
28_5A,2,2,1,I,4,U,0,uninfected,,,,0,21,,,,
28_5B,2,2,1,I,4,U,1,infected,1,2,0,0,21,376.396,26566,26401,
28_5C,2,2,1,I,4,U,0,uninfected,,,,1,16,,,,
28_5D,2,2,1,I,4,U,0,uninfected,,,,0,21,,,,
28_6A,2,2,1,I,4,U,1,infected,1,2,0,0,21,380.841,23333,25556,
28_6B,2,2,1,I,4,U,0,uninfected,,,,1,20,,,,
28_6C,2,2,1,I,4,U,1,infected,0,0,0,0,21,374.546,22797,24746,
28_6D,2,2,1,I,4,U,0,uninfected,,,,0,21,,,,
29_1A,2,2,1,I,4,W,1,infected,0,0,0,0,21,373.905,27895,29916,
29_1B,2,2,1,I,4,W,0,uninfected,,,,1,6,,,,
29_1C,2,2,1,I,4,W,1,infected,1,2,0,0,21,371.4,27892,30133,
29_1D,2,2,1,I,4,W,0,uninfected,,,,0,21,,,,
29_2A,2,2,1,I,4,W,1,infected,1,2,0,0,21,383.012,34007,29496,
29_2B,2,2,1,I,4,W,0,uninfected,,,,0,21,,,,
29_2C,2,2,1,I,4,W,1,infected,0,0,0,0,21,376.108,27307,28124,
29_2D,2,2,1,I,4,W,1,infected,0,0,0,0,21,376.91,30772,33607,
29_3A,2,2,1,I,4,W,0,uninfected,,,,0,21,,,,
29_3B,2,2,0,I,4,W,0,unexposed,,,,0,21,,,,
29_3C,2,2,1,I,4,W,0,uninfected,,,,1,6,,,,
29_3D,2,2,1,I,4,W,0,uninfected,,,,0,21,,,,
29_4A,2,2,1,I,3,W,0,uninfected,,,,1,20,,,,
29_4B,2,2,1,I,3,W,0,uninfected,,,,0,21,,,,
29_4C,2,2,1,I,3,W,0,uninfected,,,,1,6,,,,
29_4D,2,2,1,I,3,W,0,uninfected,,,,1,6,,,,
29_5A,2,2,1,I,3,W,0,uninfected,,,,0,21,,,,
29_5B,2,2,0,I,3,W,0,unexposed,,,,0,21,,,,
29_5C,2,2,1,I,3,W,0,uninfected,,,,1,12,,,,
29_5D,2,2,1,I,3,W,0,uninfected,,,,1,6,,,,
29_6A,2,2,1,I,3,W,1,infected,0,0,1,0,21,422.651,29858,29399,mini on day 9
29_6B,2,2,1,I,3,W,1,infected,0,0,0,0,21,371.194,26668,23813,
29_6C,2,2,1,I,3,W,0,uninfected,,,,0,21,,,,
29_6D,2,2,1,I,3,W,1,infected,0,0,0,0,21,422.096,26434,25129,
30_1A,2,2,1,I,3,Z,1,infected,0,0,0,0,21,412.826,30124,30713,
30_1B,2,2,1,I,3,Z,0,uninfected,,,,0,21,,,,
30_1C,2,2,1,I,3,Z,0,uninfected,,,,1,6,,,,
30_1D,2,2,1,I,3,Z,0,uninfected,,,,0,21,,,,
30_2A,2,2,1,I,3,Z,0,uninfected,,,,1,7,,,,
30_2B,2,2,1,I,3,Z,1,infected,1,2,0,0,21,360.2,27872,30161,
30_2C,2,2,0,I,3,Z,0,unexposed,,,,1,6,,,,
30_2D,2,2,1,I,3,Z,0,uninfected,,,,0,21,,,,
30_3A,2,2,1,I,3,Z,0,uninfected,,,,0,21,,,,
30_3B,2,2,1,I,3,Z,1,infected,1,2,0,0,21,365.645,27903,30118,
30_3C,2,2,1,I,3,Z,0,uninfected,,,,0,21,,,,
30_3D,2,2,1,I,3,Z,1,infected,0,1,0,0,21,383.7,26325,27476,
30_4A,2,2,1,I,5,Z,0,uninfected,,,,0,21,,,,
30_4B,2,2,1,I,5,Z,0,uninfected,,,,1,10,,,,
30_4C,2,2,1,I,5,Z,0,uninfected,,,,0,21,,,,
30_4D,2,2,1,I,5,Z,0,uninfected,,,,1,21,,,,
30_5A,2,2,1,I,5,Z,0,uninfected,,,,0,21,,,,
30_5B,2,2,1,I,5,Z,1,infected,1,2,0,0,21,381.933,26153,32154,
30_5C,2,2,0,I,5,Z,0,unexposed,,,,0,21,,,,
30_5D,2,2,1,I,5,Z,1,infected,1,2,0,0,21,380.821,29029,28133,
30_6A,2,2,1,I,5,Z,1,infected,1,2,0,0,21,364.936,28911,29524,
30_6B,2,2,1,I,5,Z,1,infected,0,0,0,0,21,365.059,25336,22928,
30_6C,2,2,1,I,5,Z,1,infected,0,0,0,0,21,363.198,24073,25973,
30_6D,2,2,1,I,5,Z,0,uninfected,,,,0,21,,,,
31_1A,2,2,1,II,5,Q,0,uninfected,,,,1,6,,,,
31_1B,2,2,1,II,5,Q,0,uninfected,,,,0,21,,,,
31_1C,2,2,1,II,5,Q,1,infected,0,0,0,0,21,372.539,25639,28120,
31_1D,2,2,1,II,5,Q,0,uninfected,,,,0,21,,,,
31_2A,2,2,1,II,5,Q,0,uninfected,,,,1,6,,,,
31_2B,2,2,1,II,5,Q,0,uninfected,,,,0,21,,,,
31_2C,2,2,1,II,5,Q,1,infected,0,0,0,0,21,368.543,26765,25087,
31_2D,2,2,1,II,5,Q,1,infected,0,1,0,0,21,371.517,25201,27108,
31_3A,2,2,0,II,5,Q,0,unexposed,,,,0,21,,,,
31_3B,2,2,1,II,5,Q,1,infected,0,0,0,0,21,364.927,21114,19132,
31_3C,2,2,1,II,5,Q,0,uninfected,,,,1,14,,,,
31_3D,2,2,1,II,5,Q,0,uninfected,,,,1,20,,,,
31_4A,2,2,1,II,6,Q,0,uninfected,,,,0,21,,,,
31_4B,2,2,0,II,6,Q,0,unexposed,,,,0,21,,,,
31_4C,2,2,1,II,6,Q,1,infected,1,2,0,0,21,369.359,25307,26201,
31_4D,2,2,1,II,6,Q,0,uninfected,,,,0,21,,,,
31_5A,2,2,1,II,6,Q,0,uninfected,,,,0,21,,,,
31_5B,2,2,1,II,6,Q,1,infected,0,0,0,0,21,364.671,21013,22297,
31_5C,2,2,1,II,6,Q,0,uninfected,,,,0,21,,,,
31_5D,2,2,1,II,6,Q,0,uninfected,,,,0,21,,,,
31_6A,2,2,1,II,6,Q,0,uninfected,,,,0,21,,,,
31_6B,2,2,1,II,6,Q,0,uninfected,,,,0,21,,,,
31_6C,2,2,1,II,6,Q,0,uninfected,,,,1,14,,,,
31_6D,2,2,1,II,6,Q,0,uninfected,,,,0,21,,,,
32_1A,2,2,1,II,3,U,0,uninfected,,,,0,21,,,,
32_1B,2,2,1,II,3,U,0,uninfected,,,,0,21,,,,
32_1C,2,2,1,II,3,U,1,infected,1,2,0,0,21,360.04,25215,29244,
32_1D,2,2,0,II,3,U,0,unexposed,,,,0,21,,,,
32_2A,2,2,1,II,3,U,0,uninfected,,,,1,21,,,,
32_2B,2,2,1,II,3,U,1,infected,0,1,0,0,21,373.524,25488,25609,
32_2C,2,2,1,II,3,U,1,infected,0,0,0,1,18,,,,
32_2D,2,2,1,II,3,U,1,infected,0,0,0,1,21,,,,
32_3A,2,2,1,II,3,U,1,infected,0,1,0,0,21,,23046,22553,
32_3B,2,2,1,II,3,U,0,uninfected,,,,1,12,,,,
32_3C,2,2,1,II,3,U,0,uninfected,,,,0,21,,,,
32_3D,2,2,1,II,3,U,0,uninfected,,,,1,18,,,,
32_4A,2,2,1,II,4,U,0,uninfected,,,,0,21,,,,
32_4B,2,2,1,II,4,U,1,infected,1,2,0,1,12,,,,
32_4C,2,2,0,II,4,U,0,unexposed,,,,1,20,,,,
32_4D,2,2,1,II,4,U,0,uninfected,,,,0,21,,,,
32_5A,2,2,1,II,4,U,0,uninfected,,,,0,21,,,,
32_5B,2,2,1,II,4,U,0,uninfected,,,,1,10,,,,
32_5C,2,2,1,II,4,U,0,uninfected,,,,0,21,,,,
32_5D,2,2,1,II,4,U,0,uninfected,,,,0,21,,,,
32_6A,2,2,1,II,4,U,1,infected,1,2,0,0,21,370.644,24864,26191,
32_6B,2,2,1,II,4,U,0,uninfected,,,,0,21,,,,
32_6C,2,2,1,II,4,U,1,infected,1,2,0,1,20,,,,
32_6D,2,2,1,II,4,U,0,uninfected,,,,0,21,,,,
33_1A,2,3,0,II,4,V,0,unexposed,,,,1,21,,,,
33_1B,2,3,1,II,4,V,0,uninfected,,,,0,21,,,,
33_1C,2,3,1,II,4,V,0,uninfected,,,,0,21,,,,
33_1D,2,3,1,II,4,V,1,infected,0,0,0,1,20,,,,
33_2A,2,3,1,II,4,V,1,infected,0,0,0,0,21,352.847,30511,31488,
33_2B,2,3,1,II,4,V,1,infected,0,0,0,0,21,368.47,22261,22428,
33_2C,2,3,1,II,4,V,1,infected,0,0,0,0,21,366.706,29414,26752,
33_2D,2,3,1,II,4,V,1,infected,0,0,0,0,21,363.226,23836,24641,
33_3A,2,3,1,II,4,V,1,infected,0,0,0,0,21,368.572,23369,23598,
33_3B,2,3,1,II,4,V,0,uninfected,,,,0,21,,,,
33_3C,2,3,1,II,4,V,1,infected,0,1,0,0,21,362.447,30273,30131,
33_3D,2,3,1,II,4,V,0,uninfected,,,,0,21,,,,
33_4A,2,3,1,II,3,V,0,uninfected,,,,0,21,,,,
33_4B,2,3,1,II,3,V,1,infected,0,0,0,1,14,,,,
33_4C,2,3,1,II,3,V,0,uninfected,,,,0,21,,,,
33_4D,2,3,1,II,3,V,0,uninfected,,,,0,21,,,,
33_5A,2,3,1,II,3,V,0,uninfected,,,,0,21,,,,
33_5B,2,3,1,II,3,V,0,uninfected,,,,1,10,,,,
33_5C,2,3,0,II,3,V,0,unexposed,,,,0,21,,,,
33_5D,2,3,1,II,3,V,1,infected,0,0,0,0,21,332.758,19404,18335,
33_6A,2,3,1,II,3,V,1,infected,0,0,0,0,21,370.98,24378,25849,
33_6B,2,3,1,II,3,V,0,uninfected,,,,1,20,,,,
33_6C,2,3,1,II,3,V,0,uninfected,,,,0,21,,,,
33_6D,2,3,1,II,3,V,0,uninfected,,,,1,20,,,,
34_1A,2,2,1,II,3,W,1,infected,0,0,0,0,21,367.679,22810,21211,
34_1B,2,2,1,II,3,W,1,infected,0,1,0,0,21,367.666,25893,28074,
34_1C,2,2,1,II,3,W,1,infected,0,0,0,0,21,365.831,27504,28769,
34_1D,2,2,1,II,3,W,1,infected,0,0,0,0,21,366.351,25349,25962,
34_2A,2,2,1,II,3,W,0,uninfected,,,,1,20,,,,
34_2B,2,2,1,II,3,W,0,uninfected,,,,1,20,,,,
34_2C,2,2,1,II,3,W,1,infected,0,0,0,0,21,364.642,24605,25033,
34_2D,2,2,1,II,3,W,0,uninfected,,,,1,10,,,,
34_3A,2,2,0,II,3,W,0,unexposed,,,,1,12,,,,
34_3B,2,2,1,II,3,W,0,uninfected,,,,1,8,,,,
34_3C,2,2,1,II,3,W,1,infected,0,0,0,0,21,365.246,25958,27068,
34_3D,2,2,1,II,3,W,0,uninfected,,,,1,10,,,,
34_4A,2,2,1,II,5,W,1,infected,0,0,0,0,21,368.62,21770,22873,
34_4B,2,2,1,II,5,W,0,uninfected,,,,0,21,,,,
34_4C,2,2,1,II,5,W,0,uninfected,,,,1,21,,,,
34_4D,2,2,1,II,5,W,0,uninfected,,,,0,21,,,,
34_5A,2,2,1,II,5,W,0,uninfected,,,,1,20,,,,
34_5B,2,2,1,II,5,W,0,uninfected,,,,0,21,,,,
34_5C,2,2,1,II,5,W,0,uninfected,,,,1,21,,,,
34_5D,2,2,0,II,5,W,0,unexposed,,,,0,21,,,,
34_6A,2,2,1,II,5,W,1,infected,1,2,0,1,21,,,,
34_6B,2,2,1,II,5,W,0,uninfected,,,,0,21,,,,
34_6C,2,2,1,II,5,W,1,infected,0,0,0,0,21,366.356,29367,28171,
34_6D,2,2,1,II,5,W,0,uninfected,,,,0,21,,,,
35_1A,2,2,1,II,4,Z,0,uninfected,,,,0,21,,,,
35_1B,2,2,1,II,4,Z,0,uninfected,,,,1,20,,,,
35_1C,2,2,1,II,4,Z,1,infected,1,2,0,0,21,372.7,31657,31973,
35_1D,2,2,0,II,4,Z,0,unexposed,,,,,,,,,lost day 14
35_2A,2,2,1,II,4,Z,1,infected,0,0,0,0,21,365.385,21588,22725,
35_2B,2,2,1,II,4,Z,0,uninfected,,,,0,21,,,,
35_2C,2,2,1,II,4,Z,0,uninfected,,,,1,10,,,,
35_2D,2,2,1,II,4,Z,0,uninfected,,,,1,14,,,,
35_3A,2,2,1,II,4,Z,0,uninfected,,,,0,21,,,,
35_3B,2,2,1,II,4,Z,1,infected,0,1,0,1,14,,,,
35_3C,2,2,1,II,4,Z,0,uninfected,,,,0,21,,,,
35_3D,2,2,1,II,4,Z,0,uninfected,,,,0,21,,,,
35_4A,2,2,1,II,6,Z,1,infected,1,2,0,0,21,366.542,27345,29419,
35_4B,2,2,1,II,6,Z,0,uninfected,,,,0,21,,,,
35_4C,2,2,1,II,6,Z,0,uninfected,,,,0,21,,,,
35_4D,2,2,1,II,6,Z,1,infected,0,1,0,0,21,366.565,27231,25958,
35_5A,2,2,1,II,6,Z,0,uninfected,,,,0,21,,,,
35_5B,2,2,1,II,6,Z,1,infected,1,2,0,0,21,368.62,26902,27074,
35_5C,2,2,0,II,6,Z,0,unexposed,,,,0,21,,,,
35_5D,2,2,1,II,6,Z,1,infected,0,0,1,0,21,373.237,,,mini day9; lost it during dissection day 21…too small?
35_6A,2,2,1,II,6,Z,1,infected,0,0,0,0,21,356.787,27163,28797,
35_6B,2,2,1,II,6,Z,1,infected,0,1,0,0,21,372.518,28275,27332,
35_6C,2,2,1,II,6,Z,1,infected,1,2,0,0,21,364.047,26773,25651,
35_6D,2,2,1,II,6,Z,1,infected,1,2,0,0,21,354.035,26278,28599,
36_1A,2,2,1,III,3,Q,0,uninfected,,,,0,21,,,,
36_1B,2,2,1,III,3,Q,1,infected,1,2,0,1,12,,,,
36_1C,2,2,1,III,3,Q,0,uninfected,,,,1,21,,,,
36_1D,2,2,1,III,3,Q,1,infected,0,0,0,0,21,383.24,23179,25265,
36_2A,2,2,1,III,3,Q,0,uninfected,,,,0,21,,,,
36_2B,2,2,1,III,3,Q,1,infected,0,1,0,1,21,,,,
36_2C,2,2,1,III,3,Q,0,uninfected,,,,1,14,,,,
36_2D,2,2,0,III,3,Q,0,unexposed,,,,1,20,,,,
36_3A,2,2,1,III,3,Q,0,uninfected,,,,0,21,,,,
36_3B,2,2,1,III,3,Q,0,uninfected,,,,0,21,,,,
36_3C,2,2,1,III,3,Q,0,uninfected,,,,0,21,,,,
36_3D,2,2,1,III,3,Q,0,uninfected,,,,1,21,,,,
36_4A,2,2,1,III,4,Q,0,uninfected,,,,0,21,,,,
36_4B,2,2,1,III,4,Q,0,uninfected,,,,0,21,,,,
36_4C,2,2,1,III,4,Q,1,infected,1,2,0,0,21,372.844,25874,26627,
36_4D,2,2,1,III,4,Q,0,uninfected,,,,0,21,,,,
36_5A,2,2,1,III,4,Q,0,uninfected,,,,0,21,,,,
36_5B,2,2,1,III,4,Q,0,uninfected,,,,0,21,,,,
36_5C,2,2,1,III,4,Q,0,uninfected,,,,0,21,,,,
36_5D,2,2,1,III,4,Q,0,uninfected,,,,1,21,,,,
36_6A,2,2,0,III,4,Q,0,unexposed,,,,0,21,,,,
36_6B,2,2,1,III,4,Q,0,uninfected,,,,1,21,,,,
36_6C,2,2,1,III,4,Q,0,uninfected,,,,0,21,,,,
36_6D,2,2,1,III,4,Q,0,uninfected,,,,0,21,,,,
37_1A,2,2,1,III,4,U,1,infected,0,0,0,1,14,,,,
37_1B,2,2,1,III,4,U,0,uninfected,,,,1,8,,,,
37_1C,2,2,0,III,4,U,0,unexposed,,,,0,21,,,,
37_1D,2,2,1,III,4,U,1,infected,1,2,0,0,21,362.58,28650,26186,
37_2A,2,2,1,III,4,U,1,infected,0,0,0,0,21,386.809,25006,25702,
37_2B,2,2,1,III,4,U,0,uninfected,,,,0,21,,,,
37_2C,2,2,1,III,4,U,0,uninfected,,,,1,6,,,,
37_2D,2,2,1,III,4,U,0,uninfected,,,,0,21,,,,
37_3A,2,2,1,III,4,U,0,uninfected,,,,0,21,,,,
37_3B,2,2,1,III,4,U,0,uninfected,,,,1,20,,,,
37_3C,2,2,1,III,4,U,0,uninfected,,,,0,21,,,,
37_3D,2,2,1,III,4,U,0,uninfected,,,,1,6,,,,
37_4A,2,2,1,III,3,U,0,uninfected,,,,1,12,,,,
37_4B,2,2,1,III,3,U,1,infected,0,0,0,0,21,374.144,20054,20051,
37_4C,2,2,1,III,3,U,0,uninfected,,,,0,21,,,,
37_4D,2,2,1,III,3,U,0,uninfected,,,,1,21,,,,
37_5A,2,2,1,III,3,U,0,uninfected,,,,0,21,,,,
37_5B,2,2,1,III,3,U,0,uninfected,,,,0,21,,,,
37_5C,2,2,1,III,3,U,1,infected,1,2,0,0,21,387.014,22152,24497,
37_5D,2,2,0,III,3,U,0,unexposed,,,,1,14,,,,
37_6A,2,2,1,III,3,U,0,uninfected,,,,1,16,,,,
37_6B,2,2,1,III,3,U,0,uninfected,,,,1,21,,,,
37_6C,2,2,1,III,3,U,0,uninfected,,,,1,8,,,,
37_6D,2,2,1,III,3,U,0,uninfected,,,,1,7,,,,
38_1A,2,2,1,III,3,Q,0,uninfected,,,,1,18,,,,
38_1B,2,2,1,III,3,Q,1,infected,0,0,0,0,21,372.779,28327,28862,
38_1C,2,2,1,III,3,Q,1,infected,0,0,0,0,21,391.772,23087,22802,
38_1D,2,2,1,III,3,Q,0,uninfected,,,,0,21,,,,
38_2A,2,2,1,III,3,Q,0,uninfected,,,,1,12,,,,
38_2B,2,2,1,III,3,Q,0,uninfected,,,,1,21,,,,
38_2C,2,2,0,III,3,Q,0,unexposed,,,,1,20,,,,
38_2D,2,2,1,III,3,Q,1,infected,0,0,0,0,21,379.065,24975,26118,
38_3A,2,2,1,III,3,Q,0,uninfected,,,,0,21,,,,
38_3B,2,2,1,III,3,Q,0,uninfected,,,,1,21,,,,
38_3C,2,2,1,III,3,Q,1,infected,0,1,0,1,21,,,,
38_3D,2,2,1,III,3,Q,0,uninfected,,,,1,21,,,,
38_4A,2,2,1,III,4,Q,0,uninfected,,,,0,21,,,,
38_4B,2,2,1,III,4,Q,0,uninfected,,,,1,20,,,,
38_4C,2,2,1,III,4,Q,0,uninfected,,,,1,20,,,,
38_4D,2,2,1,III,4,Q,1,infected,0,0,0,1,14,,,,
38_5A,2,2,0,III,4,Q,0,unexposed,,,,0,21,,,,
38_5B,2,2,1,III,4,Q,0,uninfected,,,,0,21,,,,
38_5C,2,2,1,III,4,Q,1,infected,0,0,0,0,21,348.279,24677,24491,
38_5D,2,2,1,III,4,Q,0,uninfected,,,,1,10,,,,
38_6A,2,2,1,III,4,Q,1,infected,1,2,0,0,21,382.127,26995,26013,
38_6B,2,2,1,III,4,Q,0,uninfected,,,,0,21,,,,
38_6C,2,2,1,III,4,Q,0,uninfected,,,,0,21,,,,
38_6D,2,2,1,III,4,Q,0,uninfected,,,,0,21,,,,
39_1A,2,2,1,III,4,W,0,uninfected,,,,0,21,,,,
39_1B,2,2,1,III,4,W,0,uninfected,,,,1,18,,,,
39_1C,2,2,0,III,4,W,0,unexposed,,,,0,21,,,,
39_1D,2,2,1,III,4,W,0,uninfected,,,,0,21,,,,
39_2A,2,2,1,III,4,W,0,uninfected,,,,1,21,,,,
39_2B,2,2,1,III,4,W,0,uninfected,,,,1,16,,,,
39_2C,2,2,1,III,4,W,1,infected,0,0,0,0,21,373.315,24466,26362,
39_2D,2,2,1,III,4,W,1,infected,0,0,0,0,21,366.816,28994,25151,
39_3A,2,2,1,III,4,W,0,uninfected,,,,0,21,,,,
39_3B,2,2,1,III,4,W,0,uninfected,,,,1,18,,,,
39_3C,2,2,1,III,4,W,0,uninfected,,,,0,21,,,,
39_3D,2,2,1,III,4,W,0,uninfected,,,,0,21,,,,
39_4A,2,2,1,III,3,W,0,uninfected,,,,0,21,,,,
39_4B,2,2,1,III,3,W,0,uninfected,,,,1,21,,,,
39_4C,2,2,1,III,3,W,0,uninfected,,,,1,16,,,,
39_4D,2,2,1,III,3,W,0,uninfected,,,,1,21,,,,
39_5A,2,2,1,III,3,W,0,uninfected,,,,1,6,,,,
39_5B,2,2,1,III,3,W,1,infected,1,2,0,0,21,374.146,27604,29650,
39_5C,2,2,1,III,3,W,0,uninfected,,,,0,21,,,,
39_5D,2,2,1,III,3,W,1,infected,0,0,0,0,21,382.89,34764,31705,
39_6A,2,2,0,III,3,W,0,unexposed,,,,1,20,,,,
39_6B,2,2,1,III,3,W,1,infected,0,0,0,0,21,376.946,29895,30124,
39_6C,2,2,1,III,3,W,0,uninfected,,,,0,21,,,,
39_6D,2,2,1,III,3,W,1,infected,1,2,0,0,21,373.877,30729,30672,
40_1A,2,2,1,III,3,Z,1,infected,1,2,0,0,21,365.99,26907,29747,
40_1B,2,2,1,III,3,Z,0,uninfected,,,,0,21,,,,
40_1C,2,2,1,III,3,Z,0,uninfected,,,,1,21,,,,
40_1D,2,2,1,III,3,Z,1,infected,1,2,0,0,21,360.323,27789,31702,
40_2A,2,2,1,III,3,Z,1,infected,0,0,0,1,20,,,,
40_2B,2,2,0,III,3,Z,0,unexposed,,,,0,21,,,,
40_2C,2,2,1,III,3,Z,1,infected,1,2,0,0,21,369.709,32563,28529,
40_2D,2,2,1,III,3,Z,0,uninfected,,,,0,21,,,,
40_3A,2,2,1,III,3,Z,0,uninfected,,,,0,21,,,,
40_3B,2,2,1,III,3,Z,0,uninfected,,,,1,21,,,,
40_3C,2,2,1,III,3,Z,0,uninfected,,,,0,21,,,,
40_3D,2,2,1,III,3,Z,0,uninfected,,,,1,14,,,,
40_4A,2,2,1,III,4,Z,1,infected,1,2,0,0,21,381.56,28010,25211,
40_4B,2,2,1,III,4,Z,0,uninfected,,,,1,21,,,,
40_4C,2,2,1,III,4,Z,0,uninfected,,,,0,21,,,,
40_4D,2,2,0,III,4,Z,0,unexposed,,,,0,21,,,,
40_5A,2,2,1,III,4,Z,0,uninfected,,,,1,6,,,,
40_5B,2,2,1,III,4,Z,0,uninfected,,,,0,21,,,,
40_5C,2,2,1,III,4,Z,0,uninfected,,,,1,18,,,,
40_5D,2,2,1,III,4,Z,0,uninfected,,,,0,21,,,,
40_6A,2,2,1,III,4,Z,0,uninfected,,,,1,21,,,,
40_6B,2,2,1,III,4,Z,0,uninfected,,,,0,21,,,,
40_6C,2,2,1,III,4,Z,0,uninfected,,,,1,12,,,,
40_6D,2,2,1,III,4,Z,1,infected,1,2,0,0,21,349.687,25860,24603,
41_1A,2,2,0,IV,4,Q,0,unexposed,,,,0,21,,,,
41_1B,2,2,1,IV,4,Q,0,uninfected,,,,0,21,,,,
41_1C,2,2,1,IV,4,Q,0,uninfected,,,,0,21,,,,
41_1D,2,2,1,IV,4,Q,1,infected,0,0,0,0,21,414.609,24995,36260,
41_2A,2,2,1,IV,4,Q,0,uninfected,,,,0,21,,,,
41_2B,2,2,1,IV,4,Q,0,uninfected,,,,0,21,,,,
41_2C,2,2,1,IV,4,Q,0,uninfected,,,,0,21,,,,
41_2D,2,2,1,IV,4,Q,0,uninfected,,,,0,21,,,,
41_3A,2,2,1,IV,4,Q,1,infected,0,0,0,1,10,,,,
41_3B,2,2,1,IV,4,Q,0,uninfected,,,,0,21,,,,
41_3C,2,2,1,IV,4,Q,0,uninfected,,,,0,21,,,,
41_3D,2,2,1,IV,4,Q,0,uninfected,,,,0,21,,,,
41_4A,2,2,1,IV,3,Q,0,uninfected,,,,0,21,,,,
41_4B,2,2,1,IV,3,Q,0,uninfected,,,,0,21,,,,
41_4C,2,2,1,IV,3,Q,0,uninfected,,,,0,21,,,,
41_4D,2,2,1,IV,3,Q,0,uninfected,,,,0,21,,,,
41_5A,2,2,1,IV,3,Q,0,uninfected,,,,0,21,,,,
41_5B,2,2,1,IV,3,Q,0,uninfected,,,,0,21,,,,
41_5C,2,2,1,IV,3,Q,1,infected,0,0,0,0,21,409.939,22778,24129,
41_5D,2,2,1,IV,3,Q,0,uninfected,,,,0,21,,,,
41_6A,2,2,1,IV,3,Q,0,uninfected,,,,0,21,,,,
41_6B,2,2,1,IV,3,Q,0,uninfected,,,,0,21,,,,
41_6C,2,2,1,IV,3,Q,1,infected,0,1,0,0,21,419.345,29239,27579,
41_6D,2,2,0,IV,3,Q,0,unexposed,,,,0,21,,,,
42_1A,2,2,1,IV,6,U,1,infected,0,0,0,0,21,391.29,28439,29043,
42_1B,2,2,1,IV,6,U,0,uninfected,,,,0,21,,,,
42_1C,2,2,1,IV,6,U,1,infected,0,0,0,0,21,381.425,23218,24092,
42_1D,2,2,1,IV,6,U,0,uninfected,,,,1,20,,,,
42_2A,2,2,1,IV,6,U,1,infected,1,2,0,0,21,402.942,28528,28079,
42_2B,2,2,1,IV,6,U,1,infected,0,0,0,0,21,395.072,21452,20838,
42_2C,2,2,1,IV,6,U,0,uninfected,,,,0,21,,,,
42_2D,2,2,1,IV,6,U,0,uninfected,,,,0,21,,,,
42_3A,2,2,0,IV,6,U,0,unexposed,,,,0,21,,,,
42_3B,2,2,1,IV,6,U,1,infected,1,2,0,0,21,379.947,27021,24663,
42_3C,2,2,1,IV,6,U,0,uninfected,,,,0,21,,,,
42_3D,2,2,1,IV,6,U,1,infected,1,2,0,0,21,391.699,25813,29604,
42_4A,2,2,1,IV,4,U,0,uninfected,,,,0,21,,,,
42_4B,2,2,0,IV,4,U,0,unexposed,,,,0,21,,,,
42_4C,2,2,1,IV,4,U,0,uninfected,,,,0,21,,,,
42_4D,2,2,1,IV,4,U,1,infected,0,0,0,0,21,396.558,32001,31073,
42_5A,2,2,1,IV,4,U,0,uninfected,,,,0,21,,,,
42_5B,2,2,1,IV,4,U,0,uninfected,,,,0,21,,,,
42_5C,2,2,1,IV,4,U,0,uninfected,,,,0,21,,,,
42_5D,2,2,1,IV,4,U,1,infected,1,2,0,0,21,414.162,27563,27641,
42_6A,2,2,1,IV,4,U,0,uninfected,,,,0,21,,,,
42_6B,2,2,1,IV,4,U,0,uninfected,,,,0,21,,,,
42_6C,2,2,1,IV,4,U,0,uninfected,,,,0,21,,,,
42_6D,2,2,1,IV,4,U,1,infected,0,0,0,0,21,412.055,28627,30393,
43_1A,2,2,1,IV,4,W,1,infected,0,0,0,1,20,,,,
43_1B,2,2,1,IV,4,W,1,infected,0,0,0,0,21,379.676,29111,29309,
43_1C,2,2,1,IV,4,W,1,infected,0,1,0,0,21,408.864,25300,33801,
43_1D,2,2,1,IV,4,W,0,uninfected,,,,1,6,,,,
43_2A,2,2,1,IV,4,W,1,infected,0,0,0,1,14,,,,
43_2B,2,2,1,IV,4,W,0,uninfected,,,,0,21,,,,
43_2C,2,2,1,IV,4,W,0,uninfected,,,,0,21,,,,
43_2D,2,2,1,IV,4,W,1,infected,0,0,0,0,21,424.264,28720,26525,
43_3A,2,2,1,IV,4,W,1,infected,0,0,0,0,21,412.055,29380,28430,
43_3B,2,2,0,IV,4,W,0,unexposed,,,,0,21,,,,
43_3C,2,2,1,IV,4,W,1,infected,0,0,0,0,21,415.394,29475,28398,
43_3D,2,2,1,IV,4,W,0,uninfected,,,,0,21,,,,
43_4A,2,2,1,IV,5,W,0,uninfected,,,,0,21,,,,
43_4B,2,2,1,IV,5,W,0,uninfected,,,,0,21,,,,
43_4C,2,2,1,IV,5,W,1,infected,0,0,0,0,21,418.61,28240,33372,
43_4D,2,2,1,IV,5,W,1,infected,0,0,0,0,21,408.906,30954,29820,
43_5A,2,2,1,IV,5,W,0,uninfected,,,,0,21,,,,
43_5B,2,2,1,IV,5,W,1,infected,0,0,0,0,21,400.271,29477,27276,
43_5C,2,2,1,IV,5,W,0,uninfected,,,,0,21,,,,
43_5D,2,2,1,IV,5,W,0,uninfected,,,,0,21,,,,
43_6A,2,2,1,IV,5,W,0,uninfected,,,,0,21,,,,
43_6B,2,2,0,IV,5,W,0,unexposed,,,,0,21,,,,
43_6C,2,2,1,IV,5,W,0,uninfected,,,,0,21,,,,
43_6D,2,2,1,IV,5,W,0,uninfected,,,,0,21,,,,
44_1A,2,2,1,IV,5,W,0,uninfected,,,,0,21,,,,
44_1B,2,2,0,IV,5,W,0,unexposed,,,,0,21,,,,
44_1C,2,2,1,IV,5,W,1,infected,0,1,0,1,12,,,,
44_1D,2,2,1,IV,5,W,0,uninfected,,,,0,21,,,,
44_2A,2,2,1,IV,5,W,0,uninfected,,,,0,21,,,,
44_2B,2,2,1,IV,5,W,1,infected,1,2,0,0,21,394.635,31913,31838,
44_2C,2,2,1,IV,5,W,0,uninfected,,,,0,21,,,,
44_2D,2,2,1,IV,5,W,1,infected,0,0,0,0,21,389.012,30987,33751,
44_3A,2,2,1,IV,5,W,0,uninfected,,,,0,21,,,,
44_3B,2,2,1,IV,5,W,1,infected,0,0,0,0,21,399.362,28036,29673,
44_3C,2,2,1,IV,5,W,0,uninfected,,,,0,21,,,,
44_3D,2,2,1,IV,5,W,0,uninfected,,,,0,21,,,,
44_4A,2,2,1,IV,4,W,1,infected,0,0,0,1,12,,,,
44_4B,2,2,1,IV,4,W,0,uninfected,,,,0,21,,,,
44_4C,2,2,0,IV,4,W,0,unexposed,,,,0,21,,,,
44_4D,2,2,1,IV,4,W,0,uninfected,,,,0,21,,,,
44_5A,2,2,1,IV,4,W,0,uninfected,,,,0,21,,,,
44_5B,2,2,1,IV,4,W,0,uninfected,,,,1,18,,,,
44_5C,2,2,1,IV,4,W,0,uninfected,,,,0,21,,,,
44_5D,2,2,1,IV,4,W,1,infected,0,0,0,0,21,423.515,35124,30831,
44_6A,2,2,1,IV,4,W,0,uninfected,,,,0,21,,,,
44_6B,2,2,1,IV,4,W,0,uninfected,,,,0,21,,,,
44_6C,2,2,1,IV,4,W,0,uninfected,,,,0,21,,,,
44_6D,2,2,1,IV,4,W,0,uninfected,,,,0,21,,,,
45_1A,2,2,0,IV,4,Z,0,unexposed,,,,0,21,,,,
45_1B,2,2,1,IV,4,Z,0,uninfected,,,,0,21,,,,
45_1C,2,2,1,IV,4,Z,0,uninfected,,,,0,21,,,,
45_1D,2,2,1,IV,4,Z,0,uninfected,,,,0,21,,,,
45_2A,2,2,1,IV,4,Z,0,uninfected,,,,0,21,,,,
45_2B,2,2,1,IV,4,Z,0,uninfected,,,,1,7,,,,
45_2C,2,2,1,IV,4,Z,0,uninfected,,,,0,21,,,,
45_2D,2,2,1,IV,4,Z,0,uninfected,,,,0,21,,,,
45_3A,2,2,1,IV,4,Z,0,uninfected,,,,0,21,,,,
45_3B,2,2,1,IV,4,Z,0,uninfected,,,,0,21,,,,
45_3C,2,2,1,IV,4,Z,0,uninfected,,,,0,21,,,,
45_3D,2,2,1,IV,4,Z,0,uninfected,,,,1,7,,,,
45_4A,2,2,1,IV,5,Z,0,uninfected,,,,0,21,,,,
45_4B,2,2,1,IV,5,Z,0,uninfected,,,,1,10,,,,
45_4C,2,2,1,IV,5,Z,0,uninfected,,,,0,21,,,,
45_4D,2,2,1,IV,5,Z,0,uninfected,,,,0,21,,,,
45_5A,2,2,1,IV,5,Z,0,uninfected,,,,0,21,,,,
45_5B,2,2,1,IV,5,Z,0,uninfected,,,,0,21,,,,
45_5C,2,2,1,IV,5,Z,0,uninfected,,,,0,21,,,,
45_5D,2,2,1,IV,5,Z,0,uninfected,,,,0,21,,,,
45_6A,2,2,1,IV,5,Z,0,uninfected,,,,0,21,,,,
45_6B,2,2,1,IV,5,Z,0,uninfected,,,,0,21,,,,
45_6C,2,2,1,IV,5,Z,1,infected,1,2,0,1,18,,,,
45_6D,2,2,0,IV,5,Z,0,unexposed,,,,0,21,,,,
46_1A,2,2,0,V,4,Q,0,unexposed,,,,0,21,,,,
46_1B,2,2,1,V,4,Q,0,uninfected,,,,0,21,,,,
46_1C,2,2,1,V,4,Q,0,uninfected,,,,1,8,,,,
46_1D,2,2,1,V,4,Q,0,uninfected,,,,0,21,,,,
46_2A,2,2,1,V,4,Q,0,uninfected,,,,0,21,,,,
46_2B,2,2,1,V,4,Q,0,uninfected,,,,0,21,,,,
46_2C,2,2,1,V,4,Q,0,uninfected,,,,0,21,,,,
46_2D,2,2,1,V,4,Q,0,uninfected,,,,1,10,,,,
46_3A,2,2,1,V,4,Q,0,uninfected,,,,0,21,,,,
46_3B,2,2,1,V,4,Q,1,infected,0,0,0,0,21,358.504,23658,24615,
46_3C,2,2,1,V,4,Q,0,uninfected,,,,0,21,,,,
46_3D,2,2,1,V,4,Q,1,infected,,,,0,21,376.269,25799,23985,
46_4A,2,2,1,V,3,Q,0,uninfected,,,,0,21,,,,
46_4B,2,2,1,V,3,Q,0,uninfected,,,,0,21,,,,
46_4C,2,2,1,V,4,Q,0,uninfected,,,,0,21,,,,
46_4D,2,2,1,V,4,Q,0,uninfected,,,,0,21,,,,
46_5A,2,2,1,V,3,Q,0,uninfected,,,,0,21,,,,
46_5B,2,2,1,V,4,Q,0,uninfected,,,,0,21,,,,
46_5C,2,2,1,V,4,Q,0,uninfected,,,,1,20,,,,
46_5D,2,2,1,V,4,Q,0,uninfected,,,,0,21,,,,
46_6A,2,2,1,V,3,Q,0,uninfected,,,,0,21,,,,female cop
46_6B,2,2,1,V,4,Q,0,uninfected,,,,0,21,,,,
46_6C,2,2,1,V,4,Q,0,uninfected,,,,0,21,,,,
46_6D,2,2,1,V,4,Q,0,uninfected,,,,0,21,,,,
47_1A,2,2,1,V,3,U,1,infected,1,2,0,0,21,378.529,24948,23278,
47_1B,2,2,1,V,4,U,0,uninfected,,,,0,21,,,,
47_1C,2,2,1,V,4,U,1,infected,0,0,0,0,21,368.709,26089,26943,
47_1D,,,,,,,,,,,,,,,,,no cop; not enough to fill plate
47_2A,2,2,1,V,3,U,1,infected,0,0,0,0,21,379.961,25345,30649,
47_2B,2,2,0,V,4,U,0,unexposed,,,,0,21,,,,
47_2C,2,2,1,V,4,U,0,uninfected,,,,0,21,,,,
47_2D,,,,,,,,,,,,,,,,,no cop; not enough to fill plate
47_3A,2,2,1,V,3,U,0,uninfected,,,,0,21,,,,
47_3B,2,2,1,V,4,U,0,uninfected,,,,0,21,,,,
47_3C,,,,,,,,,,,,,,,,,no cop; not enough to fill plate
47_3D,,,,,,,,,,,,,,,,,no cop; not enough to fill plate
47_4A,2,2,1,V,4,U,0,uninfected,,,,1,8,,,,
47_4B,2,2,1,V,4,U,0,uninfected,,,,1,7,,,,
47_4C,2,2,1,V,4,U,0,uninfected,,,,0,21,,,,
47_4D,2,2,1,V,4,U,0,uninfected,,,,0,21,,,,
47_5A,2,2,1,V,4,U,0,uninfected,,,,0,21,,,,
47_5B,2,2,1,V,4,U,0,uninfected,,,,0,21,,,,
47_5C,2,2,1,V,4,U,1,infected,1,2,0,0,21,367.904,23108,25635,
47_5D,2,2,1,V,4,U,0,uninfected,,,,0,21,,,,
47_6A,2,2,1,V,4,U,0,uninfected,,,,0,21,,,,
47_6B,2,2,1,V,4,U,1,infected,1,2,0,0,21,369.009,24789,24269,
47_6C,2,2,1,V,4,U,0,uninfected,,,,0,21,,,,
47_6D,2,2,1,V,4,U,0,uninfected,,,,0,21,,,,
48_1A,2,3,1,V,3,V,0,uninfected,,,,0,21,,,,
48_1B,,,,,,,,,,,,,,,,,no cop; not enough to fill plate
48_1C,,,,,,,,,,,,,,,,,no cop; not enough to fill plate
48_1D,,,,,,,,,,,,,,,,,no cop; not enough to fill plate
48_2A,2,3,1,V,3,V,1,infected,0,0,0,0,21,372.607,25218,24463,
48_2B,,,,,,,,,,,,,,,,,no cop; not enough to fill plate
48_2C,,,,,,,,,,,,,,,,,no cop; not enough to fill plate
48_2D,,,,,,,,,,,,,,,,,no cop; not enough to fill plate
48_3A,2,3,1,V,3,V,0,uninfected,,,,0,21,,,,
48_3B,,,,,,,,,,,,,,,,,no cop; not enough to fill plate
48_3C,,,,,,,,,,,,,,,,,no cop; not enough to fill plate
48_3D,,,,,,,,,,,,,,,,,no cop; not enough to fill plate
48_4A,2,3,1,V,4,V,1,infected,0,0,0,0,21,365.494,23243,23251,broke the worm during dissection
48_4B,2,3,1,V,4,V,1,infected,0,1,0,0,21,373.395,22956,22943,
48_4C,2,3,1,V,4,V,1,infected,0,0,0,0,21,375.458,25857,23914,
48_4D,2,3,0,V,4,V,0,unexposed,,,,0,21,,,,
48_5A,2,3,1,V,4,V,0,uninfected,,,,0,21,,,,
48_5B,2,3,1,V,4,V,0,uninfected,,,,0,21,,,,
48_5C,2,3,1,V,4,V,0,uninfected,,,,0,21,,,,female cop
48_5D,2,3,1,V,4,V,0,uninfected,,,,0,21,,,,
48_6A,2,3,1,V,4,V,1,infected,0,0,0,0,21,371.927,24529,24718,
48_6B,2,3,1,V,4,V,1,infected,0,0,0,0,21,367.408,,,lost worm?
48_6C,2,3,1,V,4,V,0,uninfected,,,,0,21,,,,
48_6D,2,3,1,V,4,V,0,uninfected,,,,0,21,,,,
49_1A,2,2,1,V,4,W,0,uninfected,,,,0,21,,,,
49_1B,2,2,1,V,4,W,1,infected,0,0,0,0,21,374.433,29900,29156,
49_1C,2,2,1,V,4,W,0,uninfected,,,,0,21,,,,
49_1D,2,2,1,V,4,W,0,uninfected,,,,0,21,,,,
49_2A,2,2,1,V,4,W,0,uninfected,,,,0,21,,,,
49_2B,2,2,1,V,4,W,0,uninfected,,,,0,21,,,,
49_2C,2,2,1,V,4,W,0,uninfected,,,,0,21,,,,
49_2D,2,2,1,V,4,W,0,uninfected,,,,0,21,,,,
49_3A,2,2,1,V,4,W,0,uninfected,,,,1,21,,,,
49_3B,2,2,0,V,4,W,0,unexposed,,,,0,21,,,,
49_3C,2,2,1,V,4,W,0,uninfected,,,,0,21,,,,
49_3D,2,2,1,V,4,W,0,uninfected,,,,0,21,,,,
49_4A,2,2,1,V,3,W,0,uninfected,,,,0,21,,,,
49_4B,2,2,1,V,3,W,0,uninfected,,,,0,21,,,,
49_4C,,,,,,,,,,,,,,,,,no cop; not enough to fill plate
49_4D,,,,,,,,,,,,,,,,,no cop; not enough to fill plate
49_5A,2,2,1,V,3,W,0,uninfected,,,,0,21,,,,
49_5B,,,,,,,,,,,,,,,,,no cop; not enough to fill plate
49_5C,,,,,,,,,,,,,,,,,no cop; not enough to fill plate
49_5D,,,,,,,,,,,,,,,,,no cop; not enough to fill plate
49_6A,2,2,1,V,3,W,1,infected,0,0,0,0,21,,,,female cop
49_6B,,,,,,,,,,,,,,,,,no cop; not enough to fill plate
49_6C,,,,,,,,,,,,,,,,,no cop; not enough to fill plate
49_6D,,,,,,,,,,,,,,,,,no cop; not enough to fill plate
50_1A,2,2,1,V,3,Z,0,uninfected,,,,0,21,,,,
50_1B,,,,,,,,,,,,,,,,,no cop; not enough to fill plate
50_1C,,,,,,,,,,,,,,,,,no cop; not enough to fill plate
50_1D,,,,,,,,,,,,,,,,,no cop; not enough to fill plate
50_2A,2,2,1,V,3,Z,0,uninfected,,,,0,21,,,,
50_2B,,,,,,,,,,,,,,,,,no cop; not enough to fill plate
50_2C,,,,,,,,,,,,,,,,,no cop; not enough to fill plate
50_2D,,,,,,,,,,,,,,,,,no cop; not enough to fill plate
50_3A,2,2,1,V,3,Z,0,uninfected,,,,0,21,,,,
50_3B,,,,,,,,,,,,,,,,,no cop; not enough to fill plate
50_3C,,,,,,,,,,,,,,,,,no cop; not enough to fill plate
50_3D,,,,,,,,,,,,,,,,,no cop; not enough to fill plate
50_4A,2,2,1,V,4,Z,0,uninfected,,,,0,21,,,,
50_4B,2,2,1,V,4,Z,0,uninfected,,,,0,21,,,,
50_4C,2,2,1,V,4,Z,0,uninfected,,,,0,21,,,,
50_4D,2,2,1,V,4,Z,0,uninfected,,,,0,21,,,,
50_5A,2,2,1,V,4,Z,0,uninfected,,,,0,21,,,,
50_5B,2,2,1,V,4,Z,0,uninfected,,,,1,10,,,,
50_5C,2,2,0,V,4,Z,0,unexposed,,,,0,21,,,,
50_5D,2,2,1,V,4,Z,0,uninfected,,,,0,21,,,,
50_6A,2,2,1,V,4,Z,0,uninfected,,,,0,21,,,,
50_6B,2,2,1,V,4,Z,0,uninfected,,,,0,21,,,,
50_6C,2,2,1,V,4,Z,1,infected,0,1,0,0,21,361.145,29665,29631,
50_6D,2,2,1,V,4,Z,0,uninfected,,,,0,21,,,,
51_1A,2,3,1,I,6,Q,0,uninfected,,,,,,,,,lost day 10
51_1B,2,3,1,I,6,Q,0,uninfected,,,,0,21,,,,
51_1C,2,3,1,I,6,Q,0,uninfected,,,,0,21,,,,
51_1D,2,3,1,I,6,Q,1,infected,0,0,0,0,21,433.029,29418,30007,
51_2A,2,3,1,I,6,Q,0,uninfected,,,,1,18,,,,
51_2B,2,3,1,I,6,Q,0,uninfected,,,,0,21,,,,
51_2C,2,3,1,I,6,Q,0,uninfected,,,,0,21,,,,
51_2D,2,3,1,I,6,Q,0,uninfected,,,,0,21,,,,
51_3A,2,3,1,I,6,Q,0,uninfected,,,,0,21,,,,
51_3B,2,3,1,I,6,Q,0,uninfected,,,,0,21,,,,
51_3C,2,3,1,I,6,Q,0,uninfected,,,,0,21,,,,
51_3D,2,3,0,I,6,Q,0,unexposed,,,,0,21,,,,
51_4A,2,3,1,I,7,Q,0,uninfected,,,,0,21,,,,
51_4B,2,3,1,I,7,Q,1,infected,0,0,0,0,21,413.793,24382,25200,
51_4C,2,3,0,I,7,Q,0,unexposed,,,,0,21,,,,
51_4D,2,3,1,I,7,Q,0,uninfected,,,,0,21,,,,
51_5A,2,3,1,I,7,Q,0,uninfected,,,,0,21,,,,
51_5B,2,3,1,I,7,Q,1,infected,0,0,0,0,21,398.56,28931,26646,
51_5C,2,3,1,I,7,Q,0,uninfected,,,,0,21,,,,
51_5D,2,3,1,I,7,Q,0,uninfected,,,,1,6,,,,
51_6A,2,3,1,I,7,Q,0,uninfected,,,,0,21,,,,
51_6B,2,3,1,I,7,Q,0,uninfected,,,,1,14,,,,
51_6C,2,3,1,I,7,Q,0,uninfected,,,,0,21,,,,
51_6D,2,3,1,I,7,Q,1,infected,0,0,0,1,18,,,,
52_1A,2,3,1,I,7,U,0,uninfected,,,,0,21,,,,
52_1B,2,3,1,I,7,U,0,uninfected,,,,0,21,,,,
52_1C,2,3,1,I,7,U,1,infected,0,0,0,0,21,425.048,28989,27225,
52_1D,2,3,0,I,7,U,0,unexposed,,,,0,21,,,,
52_2A,2,3,1,I,7,U,0,uninfected,,,,0,21,,,,
52_2B,2,3,1,I,7,U,0,uninfected,,,,0,21,,,,
52_2C,2,3,1,I,7,U,0,uninfected,,,,0,21,,,,
52_2D,2,3,1,I,7,U,1,infected,1,2,0,0,21,368.978,25594,25719,
52_3A,2,3,1,I,7,U,0,uninfected,,,,0,21,,,,
52_3B,2,3,1,I,7,U,0,uninfected,,,,0,21,,,,
52_3C,2,3,1,I,7,U,0,uninfected,,,,0,21,,,,
52_3D,2,3,1,I,7,U,1,infected,0,1,0,0,21,418.384,24262,26726,only in vivo size pics (used for trial inf)
52_4A,2,3,1,I,6,U,0,uninfected,,,,1,8,,,,
52_4B,2,3,1,I,6,U,0,uninfected,,,,1,18,,,,
52_4C,2,3,1,I,6,U,1,infected,0,1,0,1,21,,,,
52_4D,2,3,1,I,6,U,0,uninfected,,,,1,21,,,,
52_5A,2,3,1,I,6,U,0,uninfected,,,,1,10,,,,
52_5B,2,3,1,I,6,U,1,infected,0,0,0,1,14,,,,
52_5C,2,3,0,I,6,U,0,unexposed,,,,0,21,,,,
52_5D,2,3,1,I,6,U,0,uninfected,,,,1,12,,,,
52_6A,2,3,1,I,6,U,1,infected,0,0,0,0,21,383.836,25969,23968,
52_6B,2,3,1,I,6,U,1,infected,0,0,0,0,21,365.407,22798,24778,
52_6C,2,3,1,I,6,U,0,uninfected,,,,0,21,,,,
52_6D,2,3,1,I,6,U,1,infected,0,0,0,0,21,367.01,20858,23425,
53_1A,2,3,1,I,6,V,0,uninfected,,,,1,14,,,,
53_1B,2,3,1,I,6,V,0,uninfected,,,,1,10,,,,
53_1C,2,3,1,I,6,V,0,uninfected,,,,0,21,,,,
53_1D,2,3,1,I,6,V,0,uninfected,,,,0,21,,,,
53_2A,2,3,0,I,6,V,0,unexposed,,,,0,21,,,,
53_2B,2,3,1,I,6,V,0,uninfected,,,,1,14,,,,
53_2C,2,3,1,I,6,V,0,uninfected,,,,1,18,,,,
53_2D,2,3,1,I,6,V,0,uninfected,,,,1,10,,,,
53_3A,2,3,1,I,6,V,0,uninfected,,,,0,21,,,,
53_3B,2,3,1,I,6,V,0,uninfected,,,,0,21,,,,
53_3C,2,3,1,I,6,V,1,infected,0,0,0,0,21,373.343,29171,25697,
53_3D,2,3,1,I,6,V,0,uninfected,,,,1,8,,,,
53_4A,2,3,1,I,7,V,0,uninfected,,,,0,21,,,,
53_4B,2,3,1,I,7,V,1,infected,0,0,0,1,21,,,,
53_4C,2,3,1,I,7,V,0,uninfected,,,,0,21,,,,
53_4D,2,3,1,I,7,V,0,uninfected,,,,0,21,,,,
53_5A,2,3,1,I,7,V,0,uninfected,,,,0,21,,,,
53_5B,2,3,0,I,7,V,0,unexposed,,,,0,21,,,,
53_5C,2,3,1,I,7,V,0,uninfected,,,,0,21,,,,
53_5D,2,3,1,I,7,V,0,uninfected,,,,1,20,,,,
53_6A,2,3,1,I,7,V,0,uninfected,,,,0,21,,,,
53_6B,2,3,1,I,7,V,0,uninfected,,,,0,21,,,,
53_6C,2,3,1,I,7,V,0,uninfected,,,,0,21,,,,
53_6D,2,3,1,I,7,V,0,uninfected,,,,0,21,,,,
54_1A,2,3,1,I,7,V,0,uninfected,,,,1,12,,,,
54_1B,2,3,1,I,7,V,0,uninfected,,,,0,21,,,,
54_1C,2,3,1,I,7,V,0,uninfected,,,,0,21,,,,
54_1D,2,3,1,I,7,V,0,uninfected,,,,0,21,,,,
54_2A,2,3,1,I,7,V,0,uninfected,,,,0,21,,,,
54_2B,2,3,1,I,7,V,0,uninfected,,,,0,21,,,,
54_2C,2,3,1,I,7,V,0,uninfected,,,,0,21,,,,
54_2D,2,3,1,I,7,V,0,uninfected,,,,0,21,,,,
54_3A,2,3,0,I,7,V,0,unexposed,,,,1,6,,,,
54_3B,2,3,1,I,7,V,0,uninfected,,,,0,21,,,,
54_3C,2,3,1,I,7,V,0,uninfected,,,,0,21,,,,
54_3D,2,3,1,I,7,V,0,uninfected,,,,0,21,,,,
54_4A,2,3,1,I,6,V,0,uninfected,,,,1,20,,,,
54_4B,2,3,0,I,6,V,0,unexposed,,,,1,20,,,,
54_4C,2,3,1,I,6,V,0,uninfected,,,,0,21,,,,
54_4D,2,3,1,I,6,V,1,infected,0,0,0,0,21,432.02,26559,27273,
54_5A,2,3,1,I,6,V,0,uninfected,,,,1,20,,,,
54_5B,2,3,1,I,6,V,1,infected,0,0,0,1,18,,,,
54_5C,2,3,1,I,6,V,0,uninfected,,,,1,14,,,,
54_5D,2,3,1,I,6,V,0,uninfected,,,,1,20,,,,
54_6A,2,3,1,I,6,V,1,infected,0,0,0,0,21,370.624,22523,23348,
54_6B,2,3,1,I,6,V,0,uninfected,,,,0,21,,,,
54_6C,2,3,1,I,6,V,1,infected,0,0,0,0,21,377.359,28641,25015,
54_6D,2,3,1,I,6,V,0,uninfected,,,,1,7,,,,
55_1A,2,3,0,I,8,W,0,unexposed,,,,1,14,,,,
55_1B,2,3,1,I,8,W,0,uninfected,,,,0,21,,,,
55_1C,2,3,1,I,8,W,1,infected,0,1,0,0,21,368.702,31659,34250,
55_1D,2,3,1,I,8,W,0,uninfected,,,,1,6,,,,
55_2A,2,3,1,I,8,W,1,infected,0,0,0,0,21,415.64,27790,27319,
55_2B,2,3,1,I,8,W,0,uninfected,,,,0,21,,,,
55_2C,2,3,1,I,8,W,0,uninfected,,,,1,20,,,,
55_2D,2,3,1,I,8,W,0,uninfected,,,,0,21,,,,
55_3A,2,3,1,I,8,W,1,infected,0,0,0,0,21,385.649,33832,28469,
55_3B,2,3,1,I,8,W,0,uninfected,,,,1,20,,,,
55_3C,2,3,1,I,8,W,1,infected,1,2,0,0,21,368.42,33075,31082,
55_3D,2,3,1,I,8,W,1,infected,0,1,0,1,21,,,,
55_4A,2,3,1,I,7,W,0,uninfected,,,,0,21,,,,
55_4B,2,3,1,I,7,W,1,infected,0,1,0,0,21,,,,not dissected?
55_4C,2,3,0,I,7,W,0,unexposed,,,,0,21,,,,
55_4D,2,3,1,I,7,W,0,uninfected,,,,0,21,,,,
55_5A,2,3,1,I,7,W,0,uninfected,,,,0,21,,,,
55_5B,2,3,1,I,7,W,0,uninfected,,,,0,21,,,,
55_5C,2,3,1,I,7,W,1,infected,0,0,0,0,21,427.412,32186,31018,
55_5D,2,3,1,I,7,W,1,infected,0,0,0,0,21,401.966,29210,29041,
55_6A,2,3,1,I,7,W,0,uninfected,,,,0,21,,,,
55_6B,2,3,1,I,7,W,1,infected,0,0,0,0,21,367.8,30770,28816,
55_6C,2,3,1,I,7,W,1,infected,0,1,0,1,18,,,,
55_6D,2,3,1,I,7,W,1,infected,0,0,0,0,21,445.808,29654,30546,only in vivo size pics (used for trial inf)
56_1A,2,3,1,II,7,V,0,uninfected,,,,1,21,,,,
56_1B,2,3,1,II,7,V,0,uninfected,,,,1,20,,,,
56_1C,2,3,1,II,7,V,1,infected,1,2,0,1,14,,,,
56_1D,2,3,1,II,7,V,0,uninfected,,,,0,21,,,,
56_2A,2,3,1,II,7,V,0,uninfected,,,,1,6,,,,
56_2B,2,3,1,II,7,V,0,uninfected,,,,0,21,,,,
56_2C,2,3,1,II,7,V,0,uninfected,,,,1,18,,,,
56_2D,2,3,0,II,7,V,0,unexposed,,,,1,18,,,,
56_3A,2,3,1,II,7,V,1,infected,0,1,0,0,21,373.28,29947,28435,
56_3B,2,3,1,II,7,V,0,uninfected,,,,1,18,,,,
56_3C,2,3,1,II,7,V,1,infected,0,0,0,1,20,,,,
56_3D,2,3,1,II,7,V,0,uninfected,,,,1,20,,,,
56_4A,2,3,1,II,8,V,0,uninfected,,,,0,21,,,,
56_4B,2,3,1,II,8,V,0,uninfected,,,,1,18,,,,
56_4C,2,3,1,II,8,V,0,uninfected,,,,1,12,,,,
56_4D,2,3,0,II,8,V,0,unexposed,,,,0,21,,,,
56_5A,2,3,1,II,8,V,1,infected,0,0,0,1,20,,,,
56_5B,2,3,1,II,8,V,0,uninfected,,,,1,20,,,,
56_5C,2,3,1,II,8,V,0,uninfected,,,,0,21,,,,
56_5D,2,3,1,II,8,V,0,uninfected,,,,0,21,,,,
56_6A,2,3,1,II,8,V,0,uninfected,,,,0,21,,,,
56_6B,2,3,1,II,8,V,1,infected,0,0,0,0,21,380.466,25951,28248,
56_6C,2,3,1,II,8,V,0,uninfected,,,,0,21,,,,
56_6D,2,3,1,II,8,V,0,uninfected,,,,0,21,,,,
57_1A,2,3,1,III,5,Q,0,uninfected,,,,1,6,,,,
57_1B,2,3,1,III,5,Q,0,uninfected,,,,1,12,,,,
57_1C,2,3,1,III,5,Q,0,uninfected,,,,1,14,,,,
57_1D,2,3,1,III,5,Q,0,uninfected,,,,1,10,,,,
57_2A,2,3,1,III,5,Q,0,uninfected,,,,1,6,,,,
57_2B,2,3,1,III,5,Q,0,uninfected,,,,1,21,,,,
57_2C,2,3,0,III,5,Q,0,unexposed,,,,1,6,,,,
57_2D,2,3,1,III,5,Q,0,uninfected,,,,1,20,,,,
57_3A,2,3,1,III,5,Q,0,uninfected,,,,1,20,,,,
57_3B,2,3,1,III,5,Q,0,uninfected,,,,1,18,,,,
57_3C,2,3,1,III,5,Q,0,uninfected,,,,1,6,,,,
57_3D,2,3,1,III,5,Q,0,uninfected,,,,1,18,,,,
57_4A,2,3,1,III,6,Q,0,uninfected,,,,1,18,,,,
57_4B,2,3,1,III,6,Q,0,uninfected,,,,1,18,,,,
57_4C,2,3,1,III,6,Q,0,uninfected,,,,1,7,,,,
57_4D,2,3,1,III,6,Q,1,infected,0,0,0,1,20,,,,
57_5A,2,3,1,III,6,Q,0,uninfected,,,,1,14,,,,
57_5B,2,3,1,III,6,Q,1,infected,0,0,0,0,21,375.385,22673,25971,
57_5C,2,3,0,III,6,Q,0,unexposed,,,,1,6,,,,
57_5D,2,3,1,III,6,Q,1,infected,0,0,0,1,14,,,,
57_6A,2,3,1,III,6,Q,1,infected,0,0,0,0,21,373.066,25740,23684,
57_6B,2,3,1,III,6,Q,0,uninfected,,,,0,21,,,,
57_6C,2,3,1,III,6,Q,1,infected,1,2,0,0,21,378.984,26255,25198,
57_6D,2,3,1,III,6,Q,0,uninfected,,,,0,21,,,,
58_1A,2,3,1,III,6,U,1,infected,0,0,0,0,21,372.848,27176,25517,
58_1B,2,3,0,III,6,U,0,unexposed,,,,1,12,,,,
58_1C,2,3,1,III,6,U,0,uninfected,,,,1,18,,,,
58_1D,2,3,1,III,6,U,0,uninfected,,,,1,20,,,,
58_2A,2,3,1,III,6,U,0,uninfected,,,,1,12,,,,
58_2B,2,3,1,III,6,U,0,uninfected,,,,0,21,,,,
58_2C,2,3,1,III,6,U,0,uninfected,,,,1,20,,,,
58_2D,2,3,1,III,6,U,1,infected,0,0,0,0,21,374.991,24346,25522,
58_3A,2,3,1,III,6,U,0,uninfected,,,,0,21,,,,
58_3B,2,3,1,III,6,U,1,infected,0,0,0,1,21,,,,
58_3C,2,3,1,III,6,U,1,infected,0,0,0,0,21,373.358,25490,24106,
58_3D,2,3,1,III,6,U,0,uninfected,,,,0,21,,,,
58_4A,2,3,1,III,5,U,0,uninfected,,,,1,6,,,,
58_4B,2,3,1,III,5,U,0,uninfected,,,,1,21,,,,
58_4C,2,3,1,III,5,U,0,uninfected,,,,0,21,,,,
58_4D,2,3,1,III,5,U,0,uninfected,,,,0,21,,,,
58_5A,2,3,1,III,5,U,0,uninfected,,,,1,20,,,,
58_5B,2,3,0,III,5,U,0,unexposed,,,,0,21,,,,
58_5C,2,3,1,III,5,U,0,uninfected,,,,1,6,,,,
58_5D,2,3,1,III,5,U,0,uninfected,,,,0,21,,,,
58_6A,2,3,1,III,5,U,1,infected,0,0,0,1,14,,,,
58_6B,2,3,1,III,5,U,0,uninfected,,,,1,6,,,,
58_6C,2,3,1,III,5,U,0,uninfected,,,,0,21,,,,
58_6D,2,3,1,III,5,U,0,uninfected,,,,0,21,,,,
59_1A,2,3,1,III,5,U,0,uninfected,,,,1,12,,,,
59_1B,2,3,1,III,5,U,0,uninfected,,,,1,12,,,,
59_1C,2,3,1,III,5,U,0,uninfected,,,,1,6,,,,
59_1D,2,3,0,III,5,U,0,unexposed,,,,1,20,,,,
59_2A,2,3,1,III,5,U,0,uninfected,,,,1,10,,,,
59_2B,2,3,1,III,5,U,0,uninfected,,,,1,12,,,,
59_2C,2,3,1,III,5,U,1,infected,0,0,0,0,21,370.844,20462,20325,
59_2D,2,3,1,III,5,U,0,uninfected,,,,1,18,,,,
59_3A,2,3,1,III,5,U,0,uninfected,,,,1,18,,,,
59_3B,2,3,1,III,5,U,0,uninfected,,,,0,21,,,,
59_3C,2,3,1,III,5,U,0,uninfected,,,,0,21,,,,
59_3D,2,3,1,III,5,U,0,uninfected,,,,1,14,,,,
59_4A,2,3,1,III,6,U,0,uninfected,,,,0,21,,,,
59_4B,2,3,1,III,6,U,0,uninfected,,,,1,20,,,,
59_4C,2,3,1,III,6,U,0,uninfected,,,,0,21,,,,
59_4D,2,3,1,III,6,U,0,uninfected,,,,0,21,,,,
59_5A,2,3,1,III,6,U,1,infected,0,0,0,1,21,,,,
59_5B,2,3,1,III,6,U,0,uninfected,,,,1,6,,,,
59_5C,2,3,1,III,6,U,0,uninfected,,,,1,20,,,,
59_5D,2,3,0,III,6,U,0,unexposed,,,,1,21,,,,
59_6A,2,3,1,III,6,U,0,uninfected,,,,1,6,,,,
59_6B,2,3,1,III,6,U,0,uninfected,,,,1,21,,,,
59_6C,2,3,1,III,6,U,0,uninfected,,,,0,21,,,,
59_6D,2,3,1,III,6,U,0,uninfected,,,,1,6,,,,
60_1A,2,3,1,III,6,V,1,infected,0,0,0,0,21,376.175,25580,23326,
60_1B,2,3,1,III,6,V,0,uninfected,,,,0,21,,,,
60_1C,2,3,1,III,6,V,0,uninfected,,,,0,21,,,,
60_1D,2,3,1,III,6,V,0,uninfected,,,,1,12,,,,
60_2A,2,3,1,III,6,V,0,uninfected,,,,0,21,,,,
60_2B,2,3,0,III,6,V,0,unexposed,,,,0,21,,,,
60_2C,2,3,1,III,6,V,0,uninfected,,,,1,18,,,,
60_2D,2,3,1,III,6,V,0,uninfected,,,,1,14,,,,
60_3A,2,3,1,III,6,V,1,infected,0,0,0,1,18,,,,
60_3B,2,3,1,III,6,V,0,uninfected,,,,0,21,,,,
60_3C,2,3,1,III,6,V,0,uninfected,,,,0,21,,,,
60_3D,2,3,1,III,6,V,0,uninfected,,,,0,21,,,,
60_4A,2,3,1,III,5,V,0,uninfected,,,,1,20,,,,
60_4B,2,3,1,III,5,V,0,uninfected,,,,1,12,,,,
60_4C,2,3,0,III,5,V,0,unexposed,,,,1,14,,,,
60_4D,2,3,1,III,5,V,0,uninfected,,,,1,21,,,,
60_5A,2,3,1,III,5,V,0,uninfected,,,,1,6,,,,
60_5B,2,3,1,III,5,V,0,uninfected,,,,0,21,,,,
60_5C,2,3,1,III,5,V,0,uninfected,,,,1,6,,,,
60_5D,2,3,1,III,5,V,0,uninfected,,,,1,12,,,,
60_6A,2,3,1,III,5,V,0,uninfected,,,,1,21,,,,
60_6B,2,3,1,III,5,V,0,uninfected,,,,1,6,,,,
60_6C,2,3,1,III,5,V,0,uninfected,,,,1,6,,,,
60_6D,2,3,1,III,5,V,0,uninfected,,,,1,8,,,,
61_1A,2,3,1,III,5,V,1,infected,0,0,0,0,21,361.797,27118,26210,only in vivo size pics (used for trial inf)
61_1B,2,3,0,III,5,V,0,unexposed,,,,0,21,,,,
61_1C,2,3,1,III,5,V,0,uninfected,,,,1,18,,,,
61_1D,2,3,1,III,5,V,1,infected,0,0,1,0,21,,,,mini d9; worm lost or not found during dissection day 21
61_2A,2,3,1,III,5,V,0,uninfected,,,,1,12,,,,
61_2B,2,3,1,III,5,V,0,uninfected,,,,1,6,,,,
61_2C,2,3,1,III,5,V,1,infected,0,1,0,0,21,360.207,29096,29205,
61_2D,2,3,1,III,5,V,0,uninfected,,,,1,18,,,,
61_3A,2,3,1,III,5,V,0,uninfected,,,,1,8,,,,
61_3B,2,3,1,III,5,V,1,infected,0,0,0,0,21,398.152,26739,28310,
61_3C,2,3,1,III,5,V,0,uninfected,,,,1,14,,,,
61_3D,2,3,1,III,5,V,0,uninfected,,,,0,21,,,,
61_4A,2,3,1,III,6,V,1,infected,0,0,0,0,21,402.717,30631,33377,
61_4B,2,3,1,III,6,V,0,uninfected,,,,0,21,,,,
61_4C,2,3,1,III,6,V,0,uninfected,,,,1,20,,,,
61_4D,2,3,1,III,6,V,0,uninfected,,,,1,6,,,,
61_5A,2,3,1,III,6,V,0,uninfected,,,,1,6,,,,
61_5B,2,3,1,III,6,V,0,uninfected,,,,0,21,,,,
61_5C,2,3,0,III,6,V,0,unexposed,,,,0,21,,,,
61_5D,2,3,1,III,6,V,0,uninfected,,,,0,21,,,,
61_6A,2,3,1,III,6,V,1,infected,0,0,0,0,21,358.935,28345,24858,
61_6B,2,3,1,III,6,V,1,infected,0,0,0,0,21,377.895,22179,25223,
61_6C,2,3,1,III,6,V,0,uninfected,,,,1,18,,,,
61_6D,2,3,1,III,6,V,0,uninfected,,,,1,20,,,,
62_1A,2,3,1,III,6,W,0,uninfected,,,,1,21,,,,
62_1B,2,3,1,III,6,W,0,uninfected,,,,1,18,,,,
62_1C,2,3,1,III,6,W,0,uninfected,,,,1,18,,,,
62_1D,2,3,1,III,6,W,0,uninfected,,,,1,18,,,,
62_2A,2,3,1,III,6,W,0,uninfected,,,,0,21,,,,
62_2B,2,3,0,III,6,W,0,unexposed,,,,0,21,,,,
62_2C,2,3,1,III,6,W,0,uninfected,,,,1,20,,,,
62_2D,2,3,1,III,6,W,0,uninfected,,,,0,21,,,,
62_3A,2,3,1,III,6,W,0,uninfected,,,,1,18,,,,
62_3B,2,3,1,III,6,W,0,uninfected,,,,0,21,,,,
62_3C,2,3,1,III,6,W,1,infected,0,0,0,0,21,372.678,25656,25263,
62_3D,2,3,1,III,6,W,0,uninfected,,,,1,20,,,,
62_4A,2,3,1,III,5,W,0,uninfected,,,,1,6,,,,
62_4B,2,3,0,III,5,W,0,unexposed,,,,0,21,,,,
62_4C,2,3,1,III,5,W,1,infected,0,0,0,0,21,375.645,26490,26444,
62_4D,2,3,1,III,5,W,1,infected,0,0,0,0,21,369.868,26584,25988,
62_5A,2,3,1,III,5,W,0,uninfected,,,,1,18,,,,
62_5B,2,3,1,III,5,W,0,uninfected,,,,1,18,,,,
62_5C,2,3,1,III,5,W,0,uninfected,,,,1,20,,,,
62_5D,2,3,1,III,5,W,1,infected,0,0,0,0,21,374.457,35348,27871,
62_6A,2,3,1,III,5,W,0,uninfected,,,,1,18,,,,
62_6B,2,3,1,III,5,W,0,uninfected,,,,1,12,,,,
62_6C,2,3,1,III,5,W,0,uninfected,,,,1,12,,,,
62_6D,2,3,1,III,5,W,0,uninfected,,,,1,10,,,,
63_1A,2,3,1,III,5,Z,0,uninfected,,,,1,6,,,,
63_1B,2,3,1,III,5,Z,0,uninfected,,,,0,21,,,,
63_1C,2,3,1,III,5,Z,0,uninfected,,,,1,21,,,,
63_1D,2,3,1,III,5,Z,0,uninfected,,,,1,10,,,,
63_2A,2,3,1,III,5,Z,0,uninfected,,,,0,21,,,,
63_2B,2,3,1,III,5,Z,0,uninfected,,,,0,21,,,,
63_2C,2,3,0,III,5,Z,0,unexposed,,,,1,6,,,,
63_2D,2,3,1,III,5,Z,0,uninfected,,,,0,21,,,,
63_3A,2,3,1,III,5,Z,0,uninfected,,,,0,21,,,,
63_3B,2,3,1,III,5,Z,1,infected,0,0,0,1,18,,,,
63_3C,2,3,1,III,5,Z,0,uninfected,,,,0,21,,,,
63_3D,2,3,1,III,5,Z,0,uninfected,,,,1,12,,,,
63_4A,2,3,1,III,6,Z,1,infected,0,0,0,0,21,376.049,23373,23676,
63_4B,2,3,1,III,6,Z,0,uninfected,,,,1,20,,,,
63_4C,2,3,1,III,6,Z,0,uninfected,,,,0,21,,,,
63_4D,2,3,1,III,6,Z,1,infected,0,0,0,1,20,,,,
63_5A,2,3,1,III,6,Z,0,uninfected,,,,1,6,,,,
63_5B,2,3,1,III,6,Z,0,uninfected,,,,1,14,,,,
63_5C,2,3,1,III,6,Z,0,uninfected,,,,1,14,,,,
63_5D,2,3,1,III,6,Z,1,infected,0,0,0,0,21,373.352,29054,29620,
63_6A,2,3,0,III,6,Z,0,unexposed,,,,1,20,,,,
63_6B,2,3,1,III,6,Z,0,uninfected,,,,0,21,,,,
63_6C,2,3,1,III,6,Z,1,infected,0,0,0,1,18,,,,
63_6D,2,3,1,III,6,Z,0,uninfected,,,,1,14,,,,
64_1A,2,3,1,IV,8,Q,0,uninfected,,,,0,21,,,,
64_1B,2,3,1,IV,8,Q,0,uninfected,,,,0,21,,,,
64_1C,2,3,1,IV,8,Q,0,uninfected,,,,0,21,,,,
64_1D,2,3,1,IV,8,Q,1,infected,0,0,0,0,21,415.202,30950,34622,
64_2A,2,3,1,IV,8,Q,1,infected,0,0,0,0,21,417.053,26612,25275,
64_2B,2,3,1,IV,8,Q,0,uninfected,,,,0,21,,,,
64_2C,2,3,1,IV,8,Q,0,uninfected,,,,1,20,,,,
64_2D,2,3,0,IV,8,Q,0,unexposed,,,,1,20,,,,
64_3A,2,3,1,IV,8,Q,1,infected,0,0,0,0,21,425.668,27395,26941,
64_3B,2,3,1,IV,8,Q,0,uninfected,,,,0,21,,,,
64_3C,2,3,1,IV,8,Q,0,uninfected,,,,0,21,,,,
64_3D,2,3,1,IV,8,Q,0,uninfected,,,,0,21,,,,
64_4A,2,3,1,IV,7,Q,0,uninfected,,,,1,12,,,,
64_4B,2,3,1,IV,7,Q,0,uninfected,,,,0,21,,,,
64_4C,2,3,1,IV,7,Q,0,uninfected,,,,0,21,,,,
64_4D,2,3,1,IV,7,Q,0,uninfected,,,,0,21,,,,
64_5A,2,3,1,IV,7,Q,0,uninfected,,,,0,21,,,,
64_5B,2,3,1,IV,7,Q,1,infected,0,0,0,0,21,410.835,26415,28874,
64_5C,2,3,1,IV,7,Q,0,uninfected,,,,0,21,,,,
64_5D,2,3,0,IV,7,Q,0,unexposed,,,,0,21,,,,
64_6A,2,3,1,IV,7,Q,0,uninfected,,,,0,21,,,,
64_6B,2,3,1,IV,7,Q,0,uninfected,,,,1,10,,,,
64_6C,2,3,1,IV,7,Q,0,uninfected,,,,0,21,,,,
64_6D,2,3,1,IV,7,Q,0,uninfected,,,,0,21,,,,
65_1A,2,3,1,IV,7,Q,1,infected,0,0,0,1,21,,,,
65_1B,2,3,1,IV,7,Q,0,uninfected,,,,1,6,,,,
65_1C,2,3,1,IV,7,Q,1,infected,0,0,0,0,21,410.567,26756,28008,
65_1D,2,3,1,IV,7,Q,0,uninfected,,,,0,21,,,,
65_2A,2,3,1,IV,7,Q,0,uninfected,,,,0,21,,,,
65_2B,2,3,1,IV,7,Q,0,uninfected,,,,1,20,,,,
65_2C,2,3,1,IV,7,Q,0,uninfected,,,,1,10,,,,
65_2D,2,3,1,IV,7,Q,0,uninfected,,,,0,21,,,,
65_3A,2,3,1,IV,7,Q,0,uninfected,,,,1,8,,,,
65_3B,2,3,1,IV,7,Q,0,uninfected,,,,1,20,,,,
65_3C,2,3,0,IV,7,Q,0,unexposed,,,,1,6,,,,
65_3D,2,3,1,IV,7,Q,0,uninfected,,,,0,21,,,,
65_4A,2,3,1,IV,8,Q,1,infected,0,0,0,1,20,,,,
65_4B,2,3,1,IV,8,Q,0,uninfected,,,,1,20,,,,
65_4C,2,3,1,IV,8,Q,0,uninfected,,,,0,21,,,,
65_4D,2,3,1,IV,8,Q,0,uninfected,,,,0,21,,,,
65_5A,2,3,0,IV,8,Q,0,unexposed,,,,0,21,,,,
65_5B,2,3,1,IV,8,Q,0,uninfected,,,,0,21,,,,
65_5C,2,3,1,IV,8,Q,0,uninfected,,,,1,10,,,,
65_5D,2,3,1,IV,8,Q,0,uninfected,,,,0,21,,,,
65_6A,2,3,1,IV,8,Q,1,infected,0,0,0,0,21,408.965,19725,20379,
65_6B,2,3,1,IV,8,Q,1,infected,1,2,0,0,21,418.688,28743,26723,
65_6C,2,3,1,IV,8,Q,1,infected,0,0,0,0,21,407.06,29982,29375,
65_6D,2,3,1,IV,8,Q,0,uninfected,,,,0,21,,,,
66_1A,2,3,1,IV,8,U,1,infected,0,0,0,0,21,419.148,30697,30776,
66_1B,2,3,1,IV,8,U,0,uninfected,,,,0,21,,,,
66_1C,2,3,1,IV,8,U,0,uninfected,,,,1,20,,,,
66_1D,2,3,1,IV,8,U,0,uninfected,,,,0,21,,,,
66_2A,2,3,1,IV,8,U,0,uninfected,,,,0,21,,,,
66_2B,2,3,1,IV,8,U,0,uninfected,,,,0,21,,,,
66_2C,2,3,1,IV,8,U,1,infected,0,0,0,0,21,429.511,30514,31436,
66_2D,2,3,0,IV,8,U,0,unexposed,,,,0,21,,,,
66_3A,2,3,1,IV,8,U,0,uninfected,,,,1,21,,,,
66_3B,2,3,1,IV,8,U,0,uninfected,,,,0,21,,,,
66_3C,2,3,1,IV,8,U,0,uninfected,,,,0,21,,,,
66_3D,2,3,1,IV,8,U,0,uninfected,,,,0,21,,,,
66_4A,2,3,1,IV,9,U,1,infected,0,0,0,0,21,388.363,25702,23565,
66_4B,2,3,1,IV,9,U,0,uninfected,,,,0,21,,,,
66_4C,2,3,1,IV,9,U,1,infected,0,1,0,0,21,397.316,25105,26795,
66_4D,2,3,1,IV,9,U,0,uninfected,,,,0,21,,,,
66_5A,2,3,1,IV,9,U,1,infected,0,0,0,0,21,401.31,24884,22761,
66_5B,2,3,1,IV,9,U,1,infected,0,0,0,0,21,432.02,25579,22131,
66_5C,2,3,1,IV,9,U,0,uninfected,,,,0,21,,,,
66_5D,2,3,0,IV,9,U,0,unexposed,,,,0,21,,,,
66_6A,2,3,1,IV,9,U,0,uninfected,,,,0,21,,,,
66_6B,2,3,1,IV,9,U,1,infected,0,0,0,0,21,413.628,23710,24560,
66_6C,2,3,1,IV,9,U,0,uninfected,,,,1,18,,,,
66_6D,2,3,1,IV,9,U,0,uninfected,,,,0,21,,,,
67_1A,2,3,1,IV,7,U,0,uninfected,,,,0,21,,,,
67_1B,2,3,1,IV,7,U,1,infected,0,0,0,0,21,420.63,33093,32710,
67_1C,2,3,0,IV,7,U,0,unexposed,,,,0,21,,,,
67_1D,2,3,1,IV,7,U,0,uninfected,,,,1,9,,,,
67_2A,2,3,1,IV,7,U,0,uninfected,,,,1,8,,,,
67_2B,2,3,1,IV,7,U,1,infected,0,0,0,1,18,,,,
67_2C,2,3,1,IV,7,U,0,uninfected,,,,1,9,,,,
67_2D,2,3,1,IV,7,U,0,uninfected,,,,1,21,,,,
67_3A,2,3,1,IV,7,U,0,uninfected,,,,0,21,,,,
67_3B,2,3,1,IV,7,U,0,uninfected,,,,1,18,,,,
67_3C,2,3,1,IV,7,U,0,uninfected,,,,0,21,,,,
67_3D,2,3,1,IV,7,U,0,uninfected,,,,0,21,,,,
67_4A,2,3,1,IV,8,U,0,uninfected,,,,0,21,,,,
67_4B,2,3,0,IV,8,U,0,unexposed,,,,0,21,,,,
67_4C,2,3,1,IV,8,U,0,uninfected,,,,1,20,,,,
67_4D,2,3,1,IV,8,U,0,uninfected,,,,0,21,,,,
67_5A,2,3,1,IV,8,U,0,uninfected,,,,0,21,,,,
67_5B,2,3,1,IV,8,U,0,uninfected,,,,1,6,,,,
67_5C,2,3,1,IV,8,U,0,uninfected,,,,1,14,,,,
67_5D,2,3,1,IV,8,U,0,uninfected,,,,1,6,,,,
67_6A,2,3,1,IV,8,U,0,uninfected,,,,0,21,,,,
67_6B,2,3,1,IV,8,U,1,infected,0,0,0,0,21,385.13,21687,23030,
67_6C,2,3,1,IV,8,U,0,uninfected,,,,0,21,,,,
67_6D,2,3,1,IV,8,U,0,uninfected,,,,0,21,,,,
68_1A,2,3,1,IV,8,V,0,uninfected,,,,0,21,,,,
68_1B,2,3,1,IV,8,V,0,uninfected,,,,1,12,,,,
68_1C,2,3,1,IV,8,V,0,uninfected,,,,0,21,,,,
68_1D,2,3,1,IV,8,V,0,uninfected,,,,0,21,,,,
68_2A,2,3,1,IV,8,V,0,uninfected,,,,0,21,,,,
68_2B,2,3,1,IV,8,V,0,uninfected,,,,1,20,,,,
68_2C,2,3,1,IV,8,V,0,uninfected,,,,1,14,,,,
68_2D,2,3,1,IV,8,V,0,uninfected,,,,1,20,,,,
68_3A,2,3,0,IV,8,V,0,unexposed,,,,0,21,,,,
68_3B,2,3,1,IV,8,V,1,infected,0,1,0,0,21,356.856,24193,24084,
68_3C,2,3,1,IV,8,V,0,uninfected,,,,0,21,,,,
68_3D,2,3,1,IV,8,V,0,uninfected,,,,0,21,,,,
68_4A,2,3,1,IV,7,V,0,uninfected,,,,1,12,,,,
68_4B,2,3,0,IV,7,V,0,unexposed,,,,1,7,,,,
68_4C,2,3,1,IV,7,V,0,uninfected,,,,1,12,,,,
68_4D,2,3,1,IV,7,V,0,uninfected,,,,0,21,,,,
68_5A,2,3,1,IV,7,V,0,uninfected,,,,1,6,,,,
68_5B,2,3,1,IV,7,V,0,uninfected,,,,0,21,,,,
68_5C,2,3,1,IV,7,V,,,,,,,,,,,lost day 8
68_5D,2,3,1,IV,7,V,1,infected,0,0,0,0,21,408.571,31371,29934,
68_6A,2,3,1,IV,7,V,0,uninfected,,,,1,12,,,,
68_6B,2,3,1,IV,7,V,0,uninfected,,,,0,21,,,,"proc photos for this indiv, but should be uninf"
68_6C,2,3,1,IV,7,V,1,infected,0,0,0,0,21,414.693,34026,32623,
68_6D,2,3,1,IV,7,V,0,uninfected,,,,0,21,,,,
69_1A,2,3,1,IV,10,V,1,infected,0,0,0,0,21,387.584,23526,24436,
69_1B,2,3,1,IV,10,V,1,infected,0,1,0,1,20,,,,
69_1C,2,3,1,IV,10,V,0,uninfected,,,,0,21,,,,
69_1D,2,3,0,IV,10,V,0,unexposed,,,,0,21,,,,
69_2A,2,3,1,IV,10,V,0,uninfected,,,,0,21,,,,
69_2B,2,3,1,IV,10,V,0,uninfected,,,,0,21,,,,
69_2C,2,3,1,IV,10,V,1,infected,0,0,0,0,21,395.942,25254,25548,
69_2D,2,3,1,IV,10,V,0,uninfected,,,,0,21,,,,
69_3A,2,3,1,IV,10,V,0,uninfected,,,,0,21,,,,C IV
69_3B,2,3,1,IV,10,V,1,infected,0,0,0,0,21,407.172,30311,30020,
69_3C,2,3,1,IV,10,V,0,uninfected,,,,0,21,,,,C IV
69_3D,2,3,1,IV,10,V,0,uninfected,,,,0,21,,,,
69_4A,2,3,1,IV,10,V,1,infected,0,0,0,0,21,422.587,28912,28833,
69_4B,2,3,1,IV,10,V,0,uninfected,,,,0,21,,,,
69_4C,2,3,1,IV,10,V,0,uninfected,,,,1,18,,,,
69_4D,2,3,1,IV,10,V,0,uninfected,,,,0,21,,,,
69_5A,2,3,1,IV,10,V,0,uninfected,,,,0,21,,,,
69_5B,2,3,0,IV,10,V,0,unexposed,,,,1,20,,,,
69_5C,2,3,1,IV,10,V,0,uninfected,,,,0,21,,,,
69_5D,2,3,1,IV,10,V,0,uninfected,,,,0,21,,,,
69_6A,2,3,1,IV,10,V,0,uninfected,,,,0,21,,,,
69_6B,2,3,1,IV,10,V,0,uninfected,,,,0,21,,,,
69_6C,2,3,1,IV,10,V,1,infected,0,0,0,0,21,417.713,27767,31901,
69_6D,2,3,1,IV,10,V,0,uninfected,,,,1,6,,,,
70_1A,2,3,1,IV,10,V,1,infected,0,0,0,0,21,423.096,28478,26637,
70_1B,2,3,0,IV,10,V,0,unexposed,,,,0,21,,,,
70_1C,2,3,1,IV,10,V,0,uninfected,,,,1,18,,,,
70_1D,2,3,1,IV,10,V,1,infected,0,0,0,1,18,,,,
70_2A,2,3,1,IV,10,V,1,infected,0,0,0,0,21,413.679,31294,32681,
70_2B,2,3,1,IV,10,V,1,infected,0,0,0,0,21,428.049,39434,43430,
70_2C,2,3,1,IV,10,V,0,uninfected,,,,0,21,,,,
70_2D,2,3,1,IV,10,V,0,uninfected,,,,0,21,,,,
70_3A,2,3,1,IV,10,V,0,uninfected,,,,0,21,,,,
70_3B,2,3,1,IV,10,V,0,uninfected,,,,0,21,,,,
70_3C,2,3,1,IV,10,V,0,uninfected,,,,1,8,,,,
70_3D,2,3,1,IV,10,V,0,uninfected,,,,0,21,,,,
70_4A,2,3,0,IV,4,V,0,unexposed,,,,1,18,,,,
70_4B,2,3,1,IV,4,V,0,uninfected,,,,0,21,,,,
70_4C,2,3,1,IV,4,V,0,uninfected,,,,1,6,,,,
70_4D,2,3,1,IV,4,V,0,uninfected,,,,1,18,,,,
70_5A,2,3,1,IV,4,V,0,uninfected,,,,0,21,,,,
70_5B,2,3,1,IV,4,V,0,uninfected,,,,0,21,,,,
70_5C,2,3,1,IV,4,V,0,uninfected,,,,1,7,,,,
70_5D,2,3,1,IV,4,V,1,infected,,,,1,9,,,,
70_6A,2,3,1,IV,4,V,0,uninfected,,,,0,21,,,,
70_6B,2,3,1,IV,4,V,0,uninfected,,,,0,21,,,,
70_6C,2,3,1,IV,4,V,0,uninfected,,,,0,21,,,,
70_6D,2,3,1,IV,4,V,1,infected,0,0,0,1,18,,,,
71_1A,2,3,1,IV,9,W,1,infected,0,0,0,0,21,388.803,28820,31258,
71_1B,2,3,1,IV,9,W,1,infected,0,0,0,0,21,397.102,29422,26814,
71_1C,2,3,1,IV,9,W,1,infected,0,0,0,0,21,397.724,33521,30288,
71_1D,2,3,1,IV,9,W,0,uninfected,,,,0,21,,,,
71_2A,2,3,1,IV,9,W,0,uninfected,,,,0,21,,,,
71_2B,2,3,1,IV,9,W,1,infected,0,0,0,1,12,,,,
71_2C,2,3,1,IV,9,W,0,uninfected,,,,0,21,,,,
71_2D,2,3,1,IV,9,W,0,uninfected,,,,0,21,,,,
71_3A,2,3,1,IV,9,W,0,uninfected,,,,0,21,,,,
71_3B,2,3,1,IV,9,W,1,infected,0,0,0,0,21,405.02,28386,28719,
71_3C,2,3,0,IV,9,W,0,unexposed,,,,1,20,,,,
71_3D,2,3,1,IV,9,W,0,uninfected,,,,0,21,,,,
71_4A,2,3,1,IV,10,W,1,infected,0,0,0,1,10,,,,
71_4B,2,3,1,IV,10,W,1,infected,0,0,0,0,21,416.059,26293,27067,
71_4C,2,3,0,IV,10,W,0,unexposed,,,,0,21,,,,
71_4D,2,3,1,IV,10,W,0,uninfected,,,,0,21,,,,
71_5A,2,3,1,IV,10,W,0,uninfected,,,,0,21,,,,
71_5B,2,3,1,IV,10,W,0,uninfected,,,,0,21,,,,
71_5C,2,3,1,IV,10,W,0,uninfected,,,,0,21,,,,
71_5D,2,3,1,IV,10,W,0,uninfected,,,,0,21,,,,
71_6A,2,3,1,IV,10,W,0,uninfected,,,,0,21,,,,
71_6B,2,3,1,IV,10,W,0,uninfected,,,,0,21,,,,
71_6C,2,3,1,IV,10,W,0,uninfected,,,,,,,,,lost on day 12
71_6D,2,3,1,IV,10,W,0,uninfected,,,,0,21,,,,
72_1A,2,3,1,IV,10,Z,0,uninfected,,,,0,21,,,,
72_1B,2,3,1,IV,10,Z,0,uninfected,,,,0,21,,,,
72_1C,2,3,1,IV,10,Z,0,uninfected,,,,0,21,,,,
72_1D,2,3,1,IV,10,Z,0,uninfected,,,,0,21,,,,
72_2A,2,3,1,IV,10,Z,0,uninfected,,,,0,21,,,,
72_2B,2,3,1,IV,10,Z,1,infected,0,0,0,0,21,407.185,26608,23907,
72_2C,2,3,0,IV,10,Z,0,unexposed,,,,0,21,,,,
72_2D,2,3,1,IV,10,Z,0,uninfected,,,,0,21,,,,
72_3A,2,3,1,IV,10,Z,1,infected,0,0,0,0,21,423.455,26873,27246,
72_3B,2,3,1,IV,10,Z,1,infected,1,2,0,1,18,,,,
72_3C,2,3,1,IV,10,Z,0,uninfected,,,,0,21,,,,
72_3D,2,3,1,IV,10,Z,0,uninfected,,,,0,21,,,,
72_4A,2,3,1,IV,10,Z,1,infected,0,0,0,0,21,379.697,30317,30018,
72_4B,2,3,1,IV,10,Z,0,uninfected,,,,0,21,,,,
72_4C,2,3,1,IV,10,Z,1,infected,1,2,0,0,21,400.427,32276,33378,
72_4D,2,3,1,IV,10,Z,1,infected,0,1,0,0,21,396.551,30572,29254,
72_5A,2,3,1,IV,10,Z,1,infected,1,2,0,1,12,,,,
72_5B,2,3,1,IV,10,Z,1,infected,0,1,0,0,21,401.011,33953,32153,
72_5C,2,3,1,IV,10,Z,1,infected,1,2,0,0,21,407.571,27044,27948,
72_5D,2,3,1,IV,10,Z,1,infected,1,2,0,1,14,,,,
72_6A,2,3,1,IV,10,Z,1,infected,0,0,0,0,21,404.712,25778,26100,
72_6B,2,3,1,IV,10,Z,1,infected,0,0,0,0,21,,,,female cop
72_6C,2,3,0,IV,10,Z,0,unexposed,,,,0,21,,,,
72_6D,2,3,1,IV,10,Z,1,infected,0,0,0,0,21,406.725,33892,33956,
73_1A,2,3,1,IV,4,Z,0,uninfected,,,,1,7,,,,
73_1B,2,3,1,IV,4,Z,0,uninfected,,,,0,21,,,,
73_1C,2,3,1,IV,4,Z,0,uninfected,,,,1,6,,,,
73_1D,2,3,0,IV,4,Z,0,unexposed,,,,0,21,,,,
73_2A,2,3,1,IV,4,Z,0,uninfected,,,,0,21,,,,
73_2B,2,3,1,IV,4,Z,1,infected,0,0,0,1,14,,,,
73_2C,2,3,1,IV,4,Z,0,uninfected,,,,1,9,,,,
73_2D,2,3,1,IV,4,Z,1,infected,1,2,0,0,21,415.153,28336,28027,
73_3A,2,3,1,IV,4,Z,0,uninfected,,,,1,12,,,,
73_3B,2,3,1,IV,4,Z,1,infected,0,0,0,0,21,422.043,33835,34574,
73_3C,2,3,1,IV,4,Z,0,uninfected,,,,0,21,,,,
73_3D,2,3,1,IV,4,Z,0,uninfected,,,,0,21,,,,
73_4A,2,3,0,IV,10,Z,0,unexposed,,,,0,21,,,,
73_4B,2,3,1,IV,10,Z,0,uninfected,,,,1,8,,,,
73_4C,2,3,1,IV,10,Z,1,infected,0,0,0,0,21,415.769,29150,28117,
73_4D,2,3,1,IV,10,Z,0,uninfected,,,,0,21,,,,
73_5A,2,3,1,IV,10,Z,0,uninfected,,,,0,21,,,,
73_5B,2,3,1,IV,10,Z,0,uninfected,,,,0,21,,,,
73_5C,2,3,1,IV,10,Z,0,uninfected,,,,0,21,,,,
73_5D,2,3,1,IV,10,Z,0,uninfected,,,,0,21,,,,
73_6A,2,3,1,IV,10,Z,1,infected,0,0,0,1,18,,,,
73_6B,2,3,1,IV,10,Z,0,uninfected,,,,0,21,,,,
73_6C,2,3,1,IV,10,Z,0,uninfected,,,,1,14,,,,
73_6D,2,3,1,IV,10,Z,1,infected,0,0,0,0,21,421.769,30283,31359,
74_1A,2,3,1,V,4,Q,0,uninfected,,,,0,21,,,,
74_1B,2,3,0,V,4,Q,0,unexposed,,,,0,21,,,,
74_1C,2,3,1,V,4,Q,1,infected,0,0,0,0,21,358.236,21025,22083,
74_1D,2,3,1,V,4,Q,0,uninfected,,,,0,21,,,,
74_2A,2,3,1,V,4,Q,0,uninfected,,,,0,21,,,,
74_2B,2,3,1,V,4,Q,0,uninfected,,,,0,21,,,,
74_2C,2,3,1,V,4,Q,0,uninfected,,,,0,21,,,,
74_2D,2,3,1,V,4,Q,0,uninfected,,,,0,21,,,,
74_3A,2,3,1,V,4,Q,1,infected,1,2,0,0,21,377.154,24391,24305,
74_3B,2,3,1,V,4,Q,0,uninfected,,,,0,21,,,,
74_3C,2,3,1,V,4,Q,0,uninfected,,,,1,20,,,,
74_3D,2,3,1,V,4,Q,0,uninfected,,,,0,21,,,,
74_4A,2,3,1,V,4,U,0,uninfected,,,,1,20,,,,
74_4B,2,3,1,V,4,U,0,uninfected,,,,1,14,,,,
74_4C,2,3,1,V,4,U,0,uninfected,,,,0,21,,,,
74_4D,2,3,1,V,4,U,0,uninfected,,,,0,21,,,,
74_5A,2,3,1,V,4,U,0,uninfected,,,,0,21,,,,
74_5B,2,3,1,V,4,U,0,uninfected,,,,0,21,,,,
74_5C,2,3,1,V,4,U,0,uninfected,,,,0,21,,,,
74_5D,2,3,0,V,4,U,0,unexposed,,,,0,21,,,,
74_6A,2,3,1,V,4,U,0,uninfected,,,,0,21,,,,
74_6B,2,3,1,V,4,U,0,uninfected,,,,0,21,,,,
74_6C,2,3,1,V,4,U,0,uninfected,,,,0,21,,,,
74_6D,2,3,1,V,4,U,0,uninfected,,,,0,21,,,,
